Date,ADANIPOWER,upper,lower,middle
2017-05-16,8.595041322314056,,,
2017-05-17,0.7610350076103556,,,
2017-05-18,-3.625377643504535,,,
2017-05-19,1.5673981191222541,,,
2017-05-22,-2.9320987654321007,,,
2017-05-23,-5.087440381558017,,,
2017-05-24,-6.197654941373543,,,
2017-05-25,2.321428571428563,,,
2017-05-26,0.8726003490401313,,,
2017-05-29,-7.612456747404838,,,
2017-05-30,2.4344569288389684,,,
2017-05-31,1.279707495429605,,,
2017-06-01,-2.7075812274368283,,,
2017-06-02,0.927643784786647,,,
2017-06-05,-1.4705882352941124,,,
2017-06-06,1.679104477611948,,,
2017-06-07,0.3669724770642313,,,
2017-06-08,-1.6453382084095192,,,
2017-06-09,-0.3717472118959009,,,
2017-06-12,3.731343283582089,7.073351060346122,-7.784706214894177,-0.3556775772740273
2017-06-13,-1.258992805755399,5.27319990750239,-6.969958474857389,-0.8483792836775
2017-06-14,0.9107468123861651,5.289331950224742,-6.971119337102161,-0.8408936934387097
2017-06-15,-0.3610108303249038,5.312624661852249,-6.667975367411705,-0.6776753527797281
2017-06-16,-0.18115942028985588,5.137632055267441,-6.667838514768108,-0.7651032297503335
2017-06-19,-1.2704174228675202,5.13849377917282,-6.502532104417029,-0.6820191626221044
2017-06-20,0.5514705882353033,5.056861264959095,-5.857008493223971,-0.4000736141324383
2017-06-21,-0.5484460694698434,4.612148009595375,-4.847374350669881,-0.11761317053725336
2017-06-22,0.3676470588235281,4.381177726511206,-4.811782218846217,-0.2153022461675051
2017-06-23,-1.831501831501836,4.270251167048894,-4.9712658774381016,-0.35050735519460346
2017-06-27,1.1194029850746245,3.2327347426429593,-3.0605634797842196,0.08608563142936969
2017-06-28,4.243542435424352,3.6900510549830297,-3.336971241465752,0.1765399067586389
2017-06-29,3.0088495575221197,3.970545935242405,-3.4445519155158753,0.26299700986326463
2017-06-30,2.405498281786933,4.06538893640515,-3.028086965756245,0.5186509853244526
2017-07-03,-0.3355704697986628,4.016523434813935,-3.105542889623561,0.45549027259518715
2017-07-04,-2.8619528619528545,4.153747111866298,-3.3819030293417973,0.38592204126225005
2017-07-05,-0.5199306759098854,4.013119856636028,-3.461179289463712,0.2759702835861584
2017-07-06,-1.3937282229965153,3.9982942945138547,-3.6224237973476123,0.18793524858312102
2017-07-07,0.35335689045936647,3.9993374371458783,-3.423597430092748,0.2878700035265653
2017-07-10,4.929577464788748,4.786545026314497,-3.6806725515929015,0.5529362373607978
2017-07-11,-1.8456375838926231,4.35825702626639,-3.810082638292266,0.2740871939870621
2017-07-12,0.512820512820511,4.383198865166542,-3.657843145334827,0.3626778599158576
2017-07-13,2.8911564625850428,4.6337487490511595,-3.710352064199556,0.4616983424258015
2017-07-14,-1.8181818181818188,4.670830417857862,-3.8931508317919503,0.3888397930329558
2017-07-17,1.1784511784511897,4.7438759342001156,-3.8302352882601,0.45682032297000796
2017-07-18,-0.499168053244603,4.730582156192652,-3.7398165732903443,0.4953827914511539
2017-07-19,1.17056856187292,4.772299381443003,-3.7196240011769333,0.5263376901330347
2017-07-20,-1.1570247933884392,4.782827325032253,-3.7910098171580433,0.4959087539371049
2017-07-21,7.190635451505023,6.0638956481031165,-4.3897793009607575,0.8370581735711795
2017-07-24,3.120124804992197,6.247960404422319,-4.078681393630555,1.0846395053958813
2017-07-25,0.302571860816947,6.218869848036398,-4.131273949670403,1.0437979491829972
2017-07-26,5.429864253393668,6.456722727132921,-4.250494646969995,1.103114040081463
2017-07-27,-2.8612303290414864,6.363208308381635,-4.743988216875069,0.8096100457532828
2017-07-28,-0.7363770250368162,6.1937740254719795,-4.888741464647788,0.6525162804120953
2017-07-31,-0.5934718100890302,6.191750210027639,-4.912507783232485,0.6396212133975769
2017-08-01,-0.4477611940298498,6.092539015210907,-4.5718774216234515,0.7603307967937272
2017-08-02,-0.4497751124437732,6.092591802990651,-4.564914653056586,0.7638385749670328
2017-08-03,-2.108433734939763,6.126903665546945,-4.670697066807205,0.7281032993698704
2017-08-04,1.2307692307692353,6.172211945594663,-4.628264112823935,0.7719739163853638
2017-08-07,0.0,5.56465643808953,-4.513666351797678,0.5254950431459264
2017-08-08,-3.951367781155002,5.747709710339067,-4.907292643773451,0.4202085332828075
2017-08-09,-0.15822784810126667,5.720150538678765,-4.946838308205328,0.3866561152367186
2017-08-10,-9.033280507131547,6.447007547675937,-6.866139014174158,-0.20956573324911085
2017-08-11,-5.226480836236935,6.6158573807279915,-7.375818749031724,-0.37998068415186675
2017-08-14,5.147058823529416,7.214113820583669,-7.577214424379579,-0.18155030189795546
2017-08-16,3.321678321678312,7.566253555353459,-7.547269521657078,0.009492016848190298
2017-08-17,-2.876480541455162,7.449251036968131,-7.8349719136045595,-0.1928604383182138
2017-08-18,0.34843205574912606,7.514187209070384,-7.749362400793055,-0.11758759586133553
2017-08-21,-3.125000000000011,6.2792084159206425,-7.545947152793817,-0.6333693684365873
2017-08-22,-0.5376344086021501,5.867961505171659,-7.500476163404268,-0.8162573291163046
2017-08-23,2.1621621621621623,6.07719448955528,-7.523750117653368,-0.7232778140490439
2017-08-24,0.7054673721340388,5.242958070875707,-7.161953387099757,-0.9594976581120254
2017-08-28,6.129597197898429,6.377585496923807,-7.3974980604538665,-0.5099562817650296
2017-08-29,-1.650165016501648,6.350319093805384,-7.461610456481926,-0.5556456813382711
2017-08-30,7.885906040268442,7.738346714452631,-8.001700292093426,-0.13167678882039752
2017-08-31,3.732503888024885,8.131891036508778,-7.9772181059440985,0.07733646528233924
2017-09-01,-2.0989505247376417,8.105723894140482,-8.115968504805192,-0.005122305332354182
2017-09-04,-5.513016845329243,8.257867289400956,-8.608570211104613,-0.1753514608518282
2017-09-05,0.6482982171799101,8.212304690122393,-8.62125471318498,-0.20447501153129446
2017-09-06,1.2882447665056418,8.302982090009548,-8.583107636421571,-0.14006277320601238
2017-09-07,0.15898251192369983,8.315780596743277,-8.184871113847432,0.06545474144792271
2017-09-08,-2.063492063492056,8.275209587935732,-8.334826526578967,-0.029808469321616758
2017-09-11,1.296596434359798,7.638936650502158,-6.6655658949962575,0.48668537775295045
2017-09-12,6.0799999999999965,8.089321879144432,-5.985303040014837,1.052009419564797
2017-09-13,-3.9215686274509665,7.693319470766449,-6.496163376734893,0.598578047015778
2017-09-14,0.9419152276294973,7.460954290352362,-6.501774505725688,0.47958989231333715
2017-09-15,-2.1772939346811793,7.431861781041619,-6.402763335737547,0.5145492226520363
2017-09-18,0.4769475357710773,7.437876570364389,-6.395926577058121,0.5209749966531338
2017-09-19,0.31645569620253333,7.395965742432271,-6.009870179505748,0.6930477814632611
2017-09-20,2.0504731861198833,7.5252629206597,-5.880356598260975,0.8224531611993626
2017-09-21,0.0,7.3958866404801755,-5.967196534297666,0.7143450530912545
2017-09-22,-5.873261205564151,7.6877043604791355,-6.916887112066445,0.38540862420634503
2017-09-25,0.8210180623973828,6.911177328421809,-6.671217993559223,0.11997966743129274
2017-09-26,-1.6286644951140072,6.911079234609433,-6.668969847608084,0.12105469350067477
2017-09-27,-3.6423841059602613,5.460213557913213,-6.370933185534734,-0.45535981381076046
2017-09-28,0.6872852233676952,5.00299526120817,-6.218236755295409,-0.6076207470436199
2017-09-29,0.8532423208191142,5.140733041836694,-6.060755251368259,-0.4600111047657821
2017-10-03,-1.6920473773265665,4.845611944934635,-5.383537207665931,-0.26896263136564824
2017-10-04,1.376936316695354,4.919795624370266,-5.384857077150018,-0.23253072638987607
2017-10-05,3.395585738539908,5.237911376421425,-5.492238731997751,-0.12716367778816276
2017-10-06,1.6420361247947435,5.369405632499114,-5.475427626788336,-0.05301099714461057
2017-10-09,-2.746365105008075,5.396815607781484,-5.571124906222307,-0.08715464922041152
2017-10-10,-0.4983388704319025,5.27034573613734,-5.624148565057334,-0.17690141445999655
2017-10-11,0.33388981636059967,4.1334031071553134,-5.061816954439246,-0.46420692364196636
2017-10-12,0.6655574043261225,4.085883153392921,-4.555584397499145,-0.2348506220531119
2017-10-13,-0.6611570247933907,3.9731675989199147,-4.603176068268427,-0.3150042346742563
2017-10-16,-0.33277870216306127,3.975142444346666,-4.420699390443367,-0.2227784730483504
2017-10-17,-0.5008347245408995,3.914700291262702,-4.4580354633906,-0.27166758606394925
2017-10-18,-2.0134228187919545,3.8585304917244363,-4.634853515351783,-0.38816151181367364
2017-10-19,-0.5136986301369828,3.572213184226641,-4.604953389479675,-0.516370102626517
2017-10-23,4.819277108433728,4.45845074549664,-5.009263239906301,-0.27540624720483053
2017-10-24,-1.4778325123152691,3.93352203672403,-4.044791661808803,-0.05563481254238645
2017-10-25,0.8333333333333304,3.934711327494852,-4.04474942548603,-0.05501904899558907
2017-10-26,7.768595041322324,5.644866738897639,-4.815178883245183,0.41484392782622753
2017-10-27,0.15337423312882237,5.478067602139002,-4.268803912577639,0.6046318447806817
2017-10-30,2.4502297090352343,5.6357866261095175,-4.250228487981401,0.6927790690640586
2017-10-31,-2.092675635276542,5.641557520926717,-4.5505911784081645,0.5454831712592758
2017-11-01,-0.3053435114503844,5.619628496078274,-4.389991766972104,0.6148183645530849
2017-11-02,3.215926493108734,5.8365454745844705,-4.423009727836963,0.7067678733737539
2017-11-03,2.52225519287832,5.7107178552768305,-4.3845151630954815,0.6631013460906745
2017-11-06,3.183791606367592,5.8966724097999865,-4.416294169461352,0.7401891201693169
2017-11-07,-5.189340813464238,6.218869746168586,-4.982789076675569,0.6180403347465088
2017-11-08,0.14792899408284654,6.231486361379966,-4.930778905435474,0.6503537279722462
2017-11-09,0.8862629246676468,6.257977947046676,-4.902033180271479,0.6779723833875986
2017-11-10,1.171303074670571,6.287610489748351,-4.881091155938709,0.703259666904821
2017-11-13,-1.8813314037626538,6.315320549671621,-5.030818653758906,0.6422509479563578
2017-11-14,-0.8849557522123797,6.313009292148798,-5.083725101241014,0.6146420954538919
2017-11-15,-4.315476190476197,6.520903235664491,-5.673083191350237,0.42391002215712703
2017-11-16,3.1104199066874116,6.776474771624049,-5.416270454761858,0.6801021584310953
2017-11-17,3.318250377073917,7.050403773322761,-5.307004555739479,0.8716996087916403
2017-11-20,2.335766423357666,6.687390486848562,-5.192342337772887,0.7475240745378372
2017-11-21,-1.854493580599137,6.700568130453182,-5.243186088205895,0.7286910211236438
2017-11-22,3.0523255813953654,6.901477826269618,-5.222196559216126,0.8396406335267457
2017-11-23,-0.7052186177715081,5.552583872823873,-4.720683971679764,0.41594995057205414
2017-11-24,0.5681818181818121,5.572209849709876,-4.698829190060468,0.4366903298247037
2017-11-27,3.3898305084745894,5.713080462538584,-4.745739722945241,0.4836703697966714
2017-11-28,0.0,5.68266389820034,-4.506055595079343,0.5883041515604985
2017-11-29,-1.6393442622950838,5.6994763501249555,-4.656268122088429,0.5216041140182636
2017-11-30,-1.388888888888884,5.373418636575526,-4.790691946738761,0.29136334491838267
2017-12-01,-3.8028169014084567,5.255953274151394,-5.305733793743307,-0.02489025979595614
2017-12-04,-1.171303074670571,4.836414089807212,-5.32170407750294,-0.2426449938478643
2017-12-05,-0.7407407407407418,4.506286930776974,-4.546716911200353,-0.020214990211689533
2017-12-06,-2.238805970149249,4.492893146146118,-4.771996622992706,-0.13955173842329432
2017-12-07,6.259541984732819,5.5655456429956764,-5.307321213835747,0.1291122145799643
2017-12-08,0.4310344827586299,5.508699688257025,-5.32450211828829,0.09209878498436726
2017-12-11,0.28612303290413976,5.53696476012867,-5.136021746493255,0.20047150681770692
2017-12-12,-0.8559201141226769,5.537188880123227,-5.133342302678844,0.20192328872219206
2017-12-13,-1.8705035971222972,5.325186352632496,-4.676842515852721,0.324171918389887
2017-12-14,0.586510263929596,5.027389129664532,-4.63143625716054,0.19797643625199624
2017-12-15,2.76967930029155,4.931083626687882,-4.589987861862126,0.17054788241287788
2017-12-18,0.9929078014184523,4.772356569508948,-4.565546666877114,0.1034049513159172
2017-12-19,-0.5617977528090012,4.757990863028131,-4.421911377617284,0.168039742705424
2017-12-20,0.7062146892655274,4.446106388098428,-4.344637991900564,0.050734198098932114
2017-12-21,2.244039270687259,4.683749939934786,-4.287355754891045,0.19819709252187048
2017-12-22,6.172839506172845,5.701047379431084,-4.7441874255882395,0.47842997692142203
2017-12-26,1.5503875968992054,5.455733542181696,-4.682817879496391,0.3864578313426529
2017-12-27,3.435114503816794,5.802124298334505,-4.68569718526752,0.5582135565334926
2017-12-28,0.12300123001232066,5.793086696295163,-4.500425033997438,0.6463308311488628
2017-12-29,2.4570024570024662,5.952488375609785,-4.2752375787229235,0.8386253984434304
2018-01-01,2.1582733812949506,5.785207204363276,-3.5118473792060754,1.1366799125786007
2018-01-02,1.760563380281699,5.808628271891122,-3.2420818012386934,1.2832732353262144
2018-01-03,2.076124567474036,5.858663309230444,-3.010430307756538,1.4241165007369532
2018-01-04,0.0,5.685126950134117,-2.613013351645285,1.5360567992444156
2018-01-05,4.85875706214689,5.31586060187397,-2.3838254956437317,1.4660175531151194
2018-01-08,1.18534482758621,5.325561584052682,-2.3180954433396854,1.5037330703564984
2018-01-09,-1.8104366347177825,5.4683455283296025,-2.6705353543787984,1.3989050869754023
2018-01-10,0.433839479392617,5.4217441880464055,-2.494958054744071,1.463393066651167
2018-01-11,-0.4319654427645703,5.285397290473339,-2.214757341735232,1.5353199743690533
2018-01-12,-2.9284164859002204,5.594928521203928,-2.8757812474488036,1.3595736368775624
2018-01-15,-1.229050279329602,5.491153997281498,-3.1718796814884884,1.1596371578965048
2018-01-16,-4.4117647058823595,5.887758565534732,-4.108951500471804,0.8894035325314643
2018-01-17,-3.5502958579881616,6.087486977348549,-4.607529722803536,0.7399786272725064
2018-01-18,-9.32515337423312,7.228698092954744,-6.751877644759595,0.238410224097574
2018-01-19,2.9769959404600588,7.317112690544257,-6.76699657537183,0.275058057586214
2018-01-22,-1.1826544021024898,6.399237394057941,-6.584670669713047,-0.09271663782755275
2018-01-23,1.7287234042553168,6.418138828452062,-6.585738523371556,-0.08379984745974718
2018-01-24,-1.9607843137254943,5.979139839440417,-6.68632941611414,-0.3535947883368616
2018-01-25,1.8666666666666831,6.141513774947205,-6.674336807955491,-0.26641151650414346
2018-01-29,-3.141361256544506,5.84977807137667,-6.942437475739653,-0.546329702181492
2018-01-30,1.216216216216215,5.732300037575555,-6.919165158446412,-0.5934325604354289
2018-01-31,-2.1361815754339264,5.4718846854866445,-7.0484243019290655,-0.7882698082212102
2018-02-01,0.27285129604366354,5.258751224586851,-7.015618168172308,-0.8784334717927287
2018-02-02,-11.020408163265294,6.178360059628762,-9.03726781954075,-1.4294538799559935
2018-02-05,0.0,5.379981096364637,-8.724764562491313,-1.672391733063338
2018-02-06,-3.3639143730886945,5.057241262193991,-8.856950648388157,-1.8998546930970832
2018-02-07,1.2658227848101111,5.353935658525387,-8.846019102766764,-1.7460417221206885
2018-02-08,2.499999999999991,5.648349706408792,-8.933817098589433,-1.6427336960903198
2018-02-09,3.0487804878048808,6.104776384865738,-9.042169183989433,-1.4686963995618472
2018-02-12,0.591715976331364,6.301532783515635,-8.88691233641617,-1.2926897764502678
2018-02-14,-1.9117647058823461,6.272328557803032,-8.925979553358843,-1.326825497777905
2018-02-15,-0.7496251874062998,6.3176863578564735,-8.605123401564677,-1.143718521854102
2018-02-16,-2.26586102719033,6.316515998785244,-8.475509559413664,-1.0794967803142104
2018-02-19,-2.9366306027820754,5.618300806825508,-7.138442090308824,-0.7600706417416581
2018-02-20,-0.15923566878980333,5.224448761344167,-7.05821320575247,-0.9168822222041513
2018-02-21,0.0,5.295569658212588,-7.011068662410641,-0.8577495020990268
2018-02-22,-0.9569377990430672,5.039641844157474,-7.0237069686853655,-0.992032562263946
2018-02-23,3.5426731078904927,5.6230038316467805,-7.056723214013074,-0.7168596911831466
2018-02-26,1.8662519440124425,5.622947518848617,-7.056708373480335,-0.7168804273158587
2018-02-27,-2.1374045801526798,5.607879625918186,-6.94124481291072,-0.6666825934962674
2018-02-28,-1.2480499219968744,5.42548692013937,-7.005278720953214,-0.7898959004069217
2018-03-01,-0.9478672985781866,5.453353361802593,-6.914313734930863,-0.7304801865641346
2018-03-05,-1.594896331738438,5.352575874319045,-7.000311010225524,-0.8238675679532396
2018-03-06,-4.376012965964349,3.8039080843469666,-4.787203700523351,-0.4916478080881923
2018-03-07,-7.11864406779662,4.359452868442146,-6.054612891398193,-0.8475800114780233
2018-03-08,-4.744525547445244,4.464576947734028,-6.29779808812573,-0.9166105701958509
2018-03-09,-2.4904214559387072,4.217923308198174,-6.426768872664758,-1.104422782233292
2018-03-12,3.5363457760314354,4.435106447469929,-6.540317434333367,-1.0526054934317197
2018-03-13,1.3282732447817747,4.12785454962103,-6.405116260786779,-1.138630855582875
2018-03-14,2.2471910112359605,4.374622862560122,-6.486337070235411,-1.0558571038376452
2018-03-15,2.930402930402942,4.881371941682885,-6.508869385729647,-0.8137487220233808
2018-03-16,-2.8469750889679735,4.848319498061309,-6.6855519322642385,-0.9186162171014646
2018-03-19,-4.395604395604391,4.92240274735257,-6.972609518396905,-1.0251033855221676
2018-03-20,-1.1494252873563204,4.944155790832772,-6.815642030334532,-0.9357431197508799
2018-03-21,-0.5813953488372214,4.914335287165563,-6.828037494672064,-0.9568511037532508
2018-03-22,-1.949317738791423,4.814707402005108,-6.923341383390752,-1.0543169906928218
2018-03-23,-4.174950298210723,4.816749229341432,-7.247184460643841,-1.2152176156512045
2018-03-26,-0.20746887966804906,4.226182241070896,-7.031631671129158,-1.4027247150291315
2018-03-27,4.781704781704765,4.858391627870287,-7.372295774159318,-1.2569520731445156
2018-03-28,-5.952380952380953,5.011595782832515,-7.906997566344375,-1.4477008917559293
2018-04-02,3.164556962025311,5.55435060909857,-8.00849170420821,-1.22707054755482
2018-04-03,2.6584867075664764,5.954160740672798,-8.04766643516797,-1.0467528472475867
2018-04-04,-0.19920318725099584,6.02876237769064,-7.982698757737069,-0.9769681900232143
2018-04-05,1.7964071856287456,6.25019245353198,-7.586886818419099,-0.6683471824435596
2018-04-06,0.588235294117645,5.947098177670409,-6.513104606366101,-0.28300321434784637
2018-04-09,0.0,5.819673359239727,-5.911227233190895,-0.04577693697558418
2018-04-10,2.923976608187129,6.115059988883553,-5.6651740564221384,0.22494296623070759
2018-04-11,0.7575757575757791,5.774890288115584,-5.602881357499735,0.08600446530792479
2018-04-12,-3.383458646616544,5.7103653420707925,-6.0095296005947745,-0.14958212926199116
2018-04-13,0.1945525291828787,5.501931668249016,-6.006359774978307,-0.25221405336464525
2018-04-16,0.1941747572815622,5.173429156231876,-5.9514800802733046,-0.38902546202071425
2018-04-17,-0.5813953488372214,5.1669333754071705,-5.718426325435523,-0.2757464750141767
2018-04-18,0.5847953216374435,5.06682387252826,-5.12027685083243,-0.026726489152084996
2018-04-19,1.3565891472868241,5.199127695929784,-5.00197923076964,0.09857423258007222
2018-04-20,-0.5736137667303964,5.1992995606923,-5.001372937321472,0.09896331168541347
2018-04-23,-0.5769230769230749,5.188192896487501,-4.853026806929839,0.16758304477883088
2018-04-24,-2.127659574468088,4.992390269046104,-4.452495107114179,0.2699475809659626
2018-04-25,-1.9762845849802368,5.006729026567013,-4.643715435166306,0.18150679570035322
2018-04-26,-2.0161290322580627,4.2413856728413375,-4.558155462836913,-0.15838489499778818
2018-04-27,4.115226337448563,4.226827289157122,-3.5368363501697466,0.34499546949368765
2018-04-30,1.5810276679841806,3.965844812553789,-3.4342068029705266,0.26581900479163106
2018-05-02,-1.945525291828798,3.681343967833075,-3.61010715818934,0.03561840482186736
2018-05-03,-2.3809523809523725,3.7290347570761084,-3.875972866802511,-0.07346905486320147
2018-05-04,2.6422764227642226,3.8762661328692407,-3.938617318882096,-0.031175593006427627
2018-05-07,-0.5940594059405835,3.8134664670786336,-3.994047123097312,-0.09029032800933905
2018-05-08,-1.7928286852589737,3.7967510414571723,-4.156614566001748,-0.17993176227228774
2018-05-09,-0.40567951318457585,3.3522029104226982,-4.045032047104444,-0.346414568340873
2018-05-10,-0.6109979633401319,3.2482435511780423,-4.077930059951379,-0.4148432543866686
2018-05-11,-2.254098360655721,3.1432900105393373,-3.860040490716592,-0.3583752400886274
2018-05-14,-8.595387840670865,4.268474450402605,-5.864218967565234,-0.7978722585813146
2018-05-15,0.917431192660545,4.344619583218548,-5.868038456843279,-0.7617094368123654
2018-05-16,-0.9090909090909038,4.327901645520956,-5.884090075171055,-0.7780942148250495
2018-05-17,2.5229357798165264,4.604138708766562,-5.966513092598752,-0.6811871919160953
2018-05-18,-5.369127516778538,4.569206070572078,-6.604152120810805,-1.0174730251193633
2018-05-21,-2.127659574468077,4.508712826735326,-6.69906345774782,-1.0951753155062474
2018-05-22,-2.4154589371980673,4.441256046573303,-6.815460263613296,-1.187102108519997
2018-05-23,-0.4950495049504844,4.51279730622678,-6.723740516315013,-1.105471605044117
2018-05-24,-5.9701492537313605,4.713100640557497,-7.323430317520843,-1.305164838481673
2018-05-25,6.084656084656093,5.949623767409294,-7.749874932681225,-0.9001255826359651
2018-05-28,0.9975062344139696,5.446244003869181,-7.55826717944457,-1.056011587787695
2018-05-29,1.2345679012345734,5.401126727894132,-7.547795880144482,-1.0733345761251754
2018-05-30,-2.4390243902439046,5.394184949092706,-7.590204011184568,-1.0980095310459306
2018-05-31,0.749999999999984,5.571437875150399,-7.454361699147024,-0.941461911998313
2018-06-01,-2.7295285359801302,5.121091241442502,-7.541195561313564,-1.2100521599355305
2018-06-04,-5.867346938775519,5.180393537428794,-8.127826610583348,-1.4737165365772773
2018-06-05,-5.1490514905149,5.212739561818001,-8.495794915498148,-1.6415276768400733
2018-06-06,4.285714285714293,5.929527187042892,-8.743443160833152,-1.4069579868951299
2018-06-07,5.753424657534256,6.9148978888446315,-9.092371600547452,-1.0887368558514106
2018-06-08,0.2590673575129543,7.042432847564288,-8.96858998745024,-0.9630785699429767
2018-06-11,1.033591731266137,6.707802669718701,-7.671061852410954,-0.4816295913461265
2018-06-12,-1.2787723785166238,6.575070019423631,-7.757949559233602,-0.591439769904985
2018-06-13,0.0,6.623572841702787,-7.715543290603666,-0.5459852244504398
2018-06-14,-0.777202072538874,6.311570216498016,-7.733554450634436,-0.7109921170682099
2018-06-15,-3.6553524804177506,6.196904866776458,-7.447511597276798,-0.6253033652501705
2018-06-18,-1.0840108401083959,6.216590680713629,-7.362832537778002,-0.5731209285321863
2018-06-19,1.3698630136986356,6.400654101285841,-7.168363763260544,-0.3838548309873512
2018-06-20,3.5135135135135,6.820543679381976,-7.187397039510281,-0.183426680064152
2018-06-21,-2.3498694516971286,6.544038315243518,-6.548863695168399,-0.0024126899624404173
2018-06-22,-1.0695187165775333,5.535341531622374,-6.2555843916706175,-0.3601214300241217
2018-06-25,-2.972972972972976,5.411259869034989,-6.528550649821927,-0.5586453903934689
2018-06-26,-4.735376044568229,5.328347314942412,-7.04263249030963,-0.8571425876836092
2018-06-27,-4.678362573099415,5.414834107138672,-7.353053100791442,-0.9691094968263846
2018-06-28,-4.907975460122705,5.310142998218921,-7.814159537883959,-1.252008269832519
2018-06-29,4.193548387096757,6.0468922576591355,-7.8586011050164855,-0.9058544236786746
2018-07-02,-4.334365325077394,5.924180363260029,-7.582591049247566,-0.8292053429937685
2018-07-03,3.5598705501618255,6.309730630425669,-7.0972491123455335,-0.3937592409599322
2018-07-04,0.6250000000000089,5.779636427137978,-6.9332263376292715,-0.5767949552456464
2018-07-05,-3.4161490683229823,4.690131275105028,-6.760678558182045,-1.0352736415385082
2018-07-06,7.0739549839228255,6.071770786692404,-7.460829307128433,-0.6945292602180148
2018-07-09,-0.6006006006005871,5.94148737927932,-7.493965132902022,-0.776238876811351
2018-07-10,4.8338368580060465,6.692300123811415,-7.633516953781849,-0.4706084149852174
2018-07-11,17.57925072046107,11.206345344814448,-10.389637102738774,0.408354121037836
2018-07-12,-5.3921568627450895,11.275348328482039,-10.920135565426989,0.17760638152752525
2018-07-13,2.590673575129543,11.484548389234151,-10.50473302062437,0.4899076843048899
2018-07-16,-1.2626262626262652,11.481289355009782,-10.51933552865179,0.4809769131789965
2018-07-17,7.161125319693085,12.167122885804865,-10.626042828847428,0.7705400284787189
2018-07-18,-1.6706443914081048,11.881021126680011,-10.858356860214734,0.5113321332326387
2018-07-19,8.252427184466015,12.830374200475058,-10.747480270393465,1.0414469650407958
2018-07-20,10.538116591928247,14.096164687831049,-10.85250722689888,1.6218287304660848
2018-07-23,1.2170385395537497,14.120107807959094,-10.457449195774252,1.831329306092421
2018-07-24,3.8076152304609145,14.174428534663257,-9.657470794975502,2.258478869843878
2018-07-25,1.9305019305019266,14.052877168353609,-8.87503297830572,2.588922095023945
2018-07-26,-0.37878787878786735,13.825748987099571,-8.194986038918197,2.8153814740906866
2018-07-27,-0.38022813688213253,13.666313777893379,-8.492928482109892,2.5866926478917422
2018-07-30,10.877862595419852,14.514666099140277,-7.820058011307067,3.347304043916605
2018-07-31,7.917383820998292,14.918486029482889,-7.788126614566032,3.565179707458428
2018-08-01,-0.6379585326953818,14.937943750432934,-7.933880188785617,3.5020317808236583
2018-08-02,-4.173354735152479,15.001087587523752,-8.072744592559388,3.464171497482183
2018-08-03,7.2026800670016655,15.016143568102166,-8.074928064829916,3.4706077516361247
2018-08-06,3.125,15.04499644033736,-7.731220877005051,3.6568877816661542
2018-08-07,-9.545454545454547,15.740893854721438,-9.865047431735189,2.9379232114931244
2018-08-08,4.690117252931314,13.141667910168465,-8.55473483393519,2.293466538116637
2018-08-09,3.6799999999999944,12.983592737400752,-7.48944397489297,2.747074381253891
2018-08-10,-3.3950617283950546,13.047140989461283,-8.151565757305963,2.447787616077661
2018-08-13,-1.757188498402562,13.061097610588503,-8.214978602010811,2.423059504288846
2018-08-14,3.089430894308931,12.629117665324253,-8.190168099284977,2.2194747830196384
2018-08-16,-0.9463722397476393,12.61325862105554,-8.101881839850215,2.2556883906026615
2018-08-17,-0.4777070063694211,11.843114118866032,-8.204750756744252,1.8191816810608898
2018-08-20,0.9600000000000053,10.487120616825868,-7.806568913896912,1.340275851464478
2018-08-21,3.4865293185419866,10.650332600043843,-7.742831819216064,1.4537503904138898
2018-08-23,-2.297090352220521,10.421067654720517,-8.124037432160883,1.148515111279818
2018-08-24,-1.724137931034475,10.317156877984074,-8.385590641578078,0.965783118202998
2018-08-27,6.858054226475274,11.01398352716681,-8.358733080234499,1.3276252234661552
2018-08-28,4.029850746268671,11.27150438331465,-8.175246048067258,1.5481291676236952
2018-08-29,1.147776183644189,9.736655550797357,-7.613405856727534,1.0616248470349121
2018-08-30,-2.269503546099283,8.71346074264301,-7.608899785282943,0.5522804786800334
2018-08-31,2.757619738751793,8.920177988192329,-7.476059203687544,0.7220593922523921
2018-09-03,-4.802259887005633,8.972194245434327,-7.590965976114859,0.6906141346597344
2018-09-04,-3.412462908011882,8.034812342374313,-7.7150983705561975,0.15985698590905706
2018-09-05,-2.150537634408589,7.705995046861801,-7.913834838484545,-0.1039198958113724
2018-09-06,0.15698587127157548,6.803921535677609,-6.041517285627742,0.3812021250249337
2018-09-07,2.0376175548589393,6.400495398889021,-5.9033411186463915,0.24857714012131504
2018-09-10,-3.9938556067588227,6.07265769602105,-6.342888976454303,-0.1351156402166258
2018-09-11,-2.8799999999999937,6.045515934781658,-6.264241042375403,-0.10936255379687276
2018-09-12,-0.9884678747940745,6.050132260846183,-6.191985306079081,-0.07092652261644838
2018-09-14,3.3277870216306127,6.088828165918423,-6.206845598419152,-0.0590087162503643
2018-09-17,-1.6103059581320411,6.082915918216314,-6.267326722555484,-0.0922054021695844
2018-09-18,-3.2733224222585955,6.104336959878566,-6.568309305806652,-0.2319861729640431
2018-09-19,-0.8460236886632777,5.993954554305815,-6.638529269100229,-0.32228735739720726
2018-09-21,-10.921501706484637,6.593203124307439,-8.678580941604515,-1.0426889086485385
2018-09-24,-5.172413793103459,6.65439952236966,-9.027309683755032,-1.1864550806926855
2018-09-25,1.0101010101010166,6.846787843396033,-8.946274110667854,-1.0497431336359107
2018-09-26,4.0000000000000036,6.187917960595206,-8.573209650514555,-1.1926458449596742
2018-09-27,-1.3461538461538525,5.497825706885972,-8.420717856047572,-1.4614460745808004
2018-09-28,-7.212475633528259,5.4161212852785745,-9.175038616157421,-1.879458665439423
2018-10-01,9.45378151260503,7.582924432526748,-10.169513257535163,-1.2932944125042074
2018-10-03,-0.38387715930903177,7.233107778649937,-10.133846293464433,-1.4503692574072484
2018-10-04,-6.165703275529855,7.296152394588498,-10.333235248255418,-1.5185414268334596
2018-10-05,-3.696098562628347,7.2957024482546835,-10.36114886738325,-1.532723209564283
2018-10-08,0.2132196162046851,7.442308303049564,-10.271378997116802,-1.4145353470336193
2018-10-09,1.9148936170212627,7.630196695828493,-10.283476615320764,-1.326639959746135
2018-10-10,25.260960334029225,14.700131859459718,-15.031077501034959,-0.16547282078762068
2018-10-11,0.0,14.79018420803911,-14.721744288938469,0.03421995955032044
2018-10-12,8.499999999999996,15.758273436740598,-14.55183351763996,0.60321995955032
2018-10-15,7.066052227342556,16.408955131113398,-14.397063201799094,1.0059459646571516
2018-10-16,2.7259684361549352,16.362107998694896,-14.410397927928159,0.9758550353833677
2018-10-17,-3.77094972067038,16.360505084714948,-14.624859390202046,0.8678228472564508
2018-10-19,-3.047895500725706,16.359414052664466,-14.601225665998276,0.8790941933330952
2018-10-22,-0.1497005988023825,16.3810203267426,-14.553199631090322,0.9139103478261399
2018-10-23,0.14992503748125774,15.90957989441696,-12.974616524368091,1.4674816850244345
2018-10-24,0.8982035928143839,15.87678366956738,-12.334758560926726,1.7710125543203268
2018-10-25,-2.077151335311578,15.824679702909371,-12.591379828809977,1.6166499370496972
2018-10-26,7.727272727272716,16.23862922902478,-12.632602082198115,1.8030135734133332
2018-10-29,18.98734177215191,19.071325194617753,-13.43194848596051,2.8196883543286213
2018-10-30,5.791962174940912,19.05859644033556,-12.1187759508314,3.46991024475208
2018-10-31,3.0167597765363263,18.480245940221305,-12.184127624324017,3.148059157948645
2018-11-01,8.893709327548805,19.055179285630334,-11.83130232104726,3.6119384822915372
2018-11-02,-0.6972111553784854,18.78372953265659,-11.013003356058377,3.8853630882991057
2018-11-05,0.9027081243731194,18.658715760932495,-10.428108915634137,4.115303422649179
2018-11-06,-1.988071570576544,18.705465468991303,-10.694987742371069,4.005238863310118
2018-11-07,0.6085192697768749,18.69077721848828,-10.810936926592479,3.939920145947899
2018-11-09,0.8064516129032251,13.564194744198101,-8.129805324414903,2.7171947098915994
2018-11-12,-3.7000000000000033,13.69590883565461,-8.631519415871413,2.5321947098915993
2018-11-13,0.8307372793354029,12.97097781420474,-8.673514666488003,2.1487315738583694
2018-11-14,1.5447991761071034,12.445576654404544,-8.70023881181135,1.8726689212965972
2018-11-15,-1.2170385395537386,12.328179244473956,-8.977142099451628,1.6755185725111634
2018-11-16,-2.361396303901453,12.264745667926773,-8.772753181227555,1.7459962433496095
2018-11-19,-0.3154574132492094,12.208409129534573,-8.443172834087704,1.8826181477234347
2018-11-20,-0.31645569620253333,12.207247797394167,-8.458687011687314,1.8742803928534273
2018-11-21,-1.7989417989418,12.214499411340961,-8.660825309276413,1.7768370510322744
2018-11-22,2.478448275862055,12.289430511671458,-8.577731941302144,1.855849285184658
2018-11-26,6.2039957939011625,12.703578811850264,-8.163765528559676,2.269906641645295
2018-11-27,0.1980198019801982,12.03733076256467,-8.250442771803334,1.8934439953806688
2018-11-28,7.608695652173925,8.17258733091063,-5.523563952147093,1.3245116893817692
2018-11-29,1.8365472910927494,7.652454719156853,-5.39897282877813,1.126740945189361
2018-11-30,0.09017132551847329,7.45875643195475,-5.497933386677813,0.9804115226384684
2018-12-03,4.234234234234235,6.2959619019696,-4.801086366024119,0.74743776797274
2018-12-04,-2.765773552290407,6.37987586657972,-5.091856570325433,0.6440096481271439
2018-12-05,-3.9111111111111208,6.48693470781784,-5.680297335111975,0.403318686352932
2018-12-06,-3.607770582793701,6.580603919285457,-5.935936447801309,0.3223337357420741
2018-12-07,0.8637236084452882,6.5968607522841305,-5.926672846933141,0.33509395267549474
2018-12-10,-6.850618458610835,6.9819059365381575,-7.077425038338574,-0.04775955090020827
2018-12-11,3.7793667007150145,7.333542143525071,-6.681124575253986,0.32620878413554266
2018-12-12,3.937007874015741,7.671263529625383,-6.708218901886264,0.4815223138695595
2018-12-13,-1.609848484848475,7.553618247907336,-6.906038386263775,0.32378993082178054
2018-12-14,0.6737247353224118,7.612683130260374,-6.776026941129198,0.41832809456558806
2018-12-17,1.147227533460815,7.6729049441081365,-6.485386371240734,0.5937592864337013
2018-12-18,-0.1890359168241984,7.67603273689033,-6.475872014380426,0.600080361254952
2018-12-19,-0.18939393939393367,7.679148385242573,-6.466281487051808,0.606433449095382
2018-12-20,-1.3282732447817858,7.672048539150963,-6.4121147855441984,0.6299668768033827
2018-12-21,-3.173076923076923,7.529328692312365,-6.8345474585994985,0.3473906168564338
2018-12-24,0.893743793445867,6.724560619309437,-6.5608045856420985,0.08187801683366902
2018-12-26,0.09842519685039353,6.719363613428483,-6.565567040274125,0.07689828657717879
2018-12-27,0.9832841691248762,5.392795640420778,-5.901540215571326,-0.25437228757527364
2018-12-28,-0.7789678675754641,5.178665706983994,-5.948961798001362,-0.3851480455086843
2018-12-31,0.0,5.17268131892336,-5.951994542492576,-0.389656611784608
2019-01-01,-0.19627085377821318,4.511290361616959,-5.73365409398742,-0.6111818661852304
2019-01-02,-0.5899705014749346,4.518829711136672,-5.523613138425586,-0.5023917136444568
2019-01-03,-0.39564787339266827,4.431405342834541,-5.084642446351609,-0.32661855175853416
2019-01-04,-0.5958291956305928,4.328647095542103,-4.680690060342861,-0.17602148240037876
2019-01-07,0.5994005994006013,4.304123585998043,-4.682598851703269,-0.1892376328526131
2019-01-08,2.3833167825223267,3.640565427282857,-3.0956471688747675,0.27245912920404497
2019-01-09,-1.2609117361784605,3.017541006071097,-2.976650591352355,0.02044520735937123
2019-01-10,-0.7858546168958758,2.16238866908029,-2.593784503452709,-0.2156979171862096
2019-01-11,-0.4950495049504955,2.1312103282278554,-2.4511262646104766,-0.1599579681913106
2019-01-14,-1.3930348258706537,2.055813442901859,-2.582405335403786,-0.26329594625096386
2019-01-15,1.4127144298688332,2.1058304551345337,-2.6058736579956596,-0.25002160143056296
2019-01-16,-0.8955223880597107,2.087779071787201,-2.6584709217718783,-0.2853459249923386
2019-01-17,2.108433734939763,2.4334960753161585,-2.7744051578674656,-0.1704545412756537
2019-01-18,-0.1966568338249819,2.4326933798669854,-2.660440821322612,-0.11387372072781352
2019-01-21,-1.871921182266012,2.220017539841256,-2.3176494072157916,-0.04881593368726798
2019-01-22,3.0120481927710774,2.681167441899913,-2.566968869341928,0.05709928627899254
2019-01-23,0.8771929824561431,2.745675461403067,-2.553600110284507,0.09603767555928003
2019-01-24,0.6763285024154575,2.7121824403351327,-2.5508026558875145,0.0806898922238091
2019-01-25,-5.662188099808063,3.505514717015028,-3.83245695579067,-0.16347111938782086
2019-01-28,-18.5147507629705,7.896685118483049,-10.075102433555742,-1.089208657536346
2019-01-29,7.740324594257175,9.122311556281375,-10.507069326550528,-0.6923788851345766
2019-01-30,3.128621089223649,9.456184697672505,-10.469083308871799,-0.5064493055996474
2019-01-31,2.2471910112359605,9.66433262319671,-10.41294734593314,-0.3743073613682159
2019-02-01,-2.857142857142847,9.612523919239447,-10.587270008127103,-0.4873730444438286
2019-02-04,-10.06787330316743,9.928456793283498,-11.969930272427959,-1.02073673957223
2019-02-05,-5.031446540880502,9.57452289911441,-12.357472710599154,-1.3914749057423716
2019-02-06,0.7947019867549532,9.7209026236539,-12.298291062845303,-1.288694219595701
2019-02-07,-3.41655716162943,9.62686820798482,-12.467326901649578,-1.4202293468323788
2019-02-08,-3.129251700680269,9.511514647940707,-12.615393561178443,-1.5519394566188673
2019-02-11,-2.52808988764045,9.462971773254825,-12.680356192669539,-1.6086922097073568
2019-02-12,-2.1613832853025983,9.193937705383933,-12.76873189631579,-1.7873970954659284
2019-02-13,8.54197349042709,10.59862922487854,-13.229673827961715,-1.3155223015415884
2019-02-14,0.8141112618724522,10.469490703091115,-13.229967553481021,-1.380238425194954
2019-02-15,5.921938088829082,11.211973258058357,-13.360590616182858,-1.074308679062251
2019-02-18,-4.320203303684888,11.171533528800904,-13.564979099067294,-1.1967227851331947
2019-02-19,-2.1248339973439445,10.759055044805823,-13.666188834083716,-1.453566894638946
2019-02-20,7.327001356852092,11.667275188763313,-13.929428140601608,-1.1310764759191485
2019-02-21,0.0,11.616914281602556,-13.9467000836824,-1.1648929010399214
2019-02-22,0.7585335018963413,11.783948316381267,-13.471661958290667,-0.8438568209547013
2019-02-25,1.505646173149322,9.679002788610036,-9.364676736907457,0.15716302585128988
2019-02-26,15.32756489493201,11.779480701622393,-10.70643061985233,0.5365250408850317
2019-02-27,2.3579849946409492,11.70878040405821,-10.712793931746418,0.49799323615589675
2019-02-28,0.8376963350785305,11.609691146582682,-10.75465414188663,0.4275185023480252
2019-03-01,0.5192107995846351,11.671144944336927,-10.478472573968126,0.5963361851843993
2019-03-05,5.681818181818188,11.460664689209972,-8.693023170342611,1.38382075943368
2019-03-06,-0.8797653958944163,11.275190146166384,-8.092380512800414,1.5914048166829844
2019-03-07,-0.591715976331364,11.249632863014204,-8.205465025956867,1.5220839185286685
2019-03-08,-0.7936507936507908,11.168847532714315,-7.862389058859113,1.6532292369276003
2019-03-11,3.499999999999992,11.257621289190793,-7.288237645267566,1.9846918219616136
2019-03-12,1.0628019323671412,11.205420037173244,-6.876947211249257,2.1642364129619933
2019-03-13,-1.338432122370925,11.170850994085598,-6.7600830518684445,2.205383971108577
2019-03-14,-0.8720930232558155,10.277949592856212,-6.808588302007349,1.7346806454244317
2019-03-15,-0.5865102639296182,10.262479805561854,-6.933180667293199,1.664649569134328
2019-03-18,-1.9665683382497523,9.768924630743088,-7.228476135182315,1.2702242477803865
2019-03-19,0.30090270812437314,9.601981752467912,-6.5994226557262134,1.5012795483708494
2019-03-20,-2.8000000000000025,9.637183365811037,-6.702140869334944,1.4675212482380464
2019-03-22,-0.8230452674897082,8.80086173280205,-6.680823898760137,1.0600189170209564
2019-03-25,-1.2448132780083054,8.794325518031258,-6.798769011790176,0.9977782531205411
2019-03-26,0.42016806722688926,8.781060786817495,-6.819340824043358,0.9808599813870685
2019-03-27,-1.882845188284521,8.710218703235705,-7.0873478766049525,0.8114354133153764
2019-03-28,0.0,4.006712669488533,-3.9165983323509814,0.04505716856877591
2019-03-29,2.771855010660995,4.082219919747953,-3.9507185810083967,0.0657506693697782
2019-04-01,1.0373443983402453,4.101262686130473,-3.949796541064745,0.07573307253286395
2019-04-02,2.77207392197123,4.388452244300564,-4.011699786996176,0.18837622865219367
2019-04-03,-1.2987012987012991,3.1919657464310784,-3.51326523717864,-0.16064974537378068
2019-04-04,-2.9352226720647634,3.3013178153078355,-3.828163033672432,-0.26342260918229804
2019-04-05,3.9624608967674613,3.992432377690983,-4.063859908745696,-0.035713765527356764
2019-04-08,0.7021063189568633,4.063508980522317,-3.9853608003162657,0.03907409010302594
2019-04-09,-0.09960159362550902,3.5390461868597027,-3.820858166016201,-0.14090598957824912
2019-04-10,-2.193419740777669,3.439585129433621,-4.0470192759046,-0.3037170732354896
2019-04-11,2.854230377166167,3.868412738965614,-4.056580635482884,-0.094083948258635
2019-04-12,5.45094152626362,4.8724673337288,-4.428331775294126,0.22206777921733675
2019-04-15,2.6315789473684292,5.137109867882049,-4.3711653883175705,0.38297223978223915
2019-04-16,-0.45787545787545625,5.102169944992567,-4.185356177390658,0.45840688380095396
2019-04-18,-0.36798528058877844,5.083114114340735,-4.233189145610143,0.4249624843652963
2019-04-22,-6.094182825484761,5.583955644235371,-5.063448958053255,0.2602533430910584
2019-04-23,0.4916420845624492,5.62578242641129,-4.973807005023958,0.3259877106936663
2019-04-24,3.131115459882583,5.9321192463225865,-4.842550951146165,0.5447841475882107
2019-04-25,-3.7950664136622403,6.060993076861452,-5.392948229773944,0.33402242354375417
2019-04-26,-4.536489151873779,6.25803214487645,-5.855351694147869,0.20134022536429125
2019-04-30,-7.23140495867769,6.750283828203139,-7.070743873342327,-0.16023002256959323
2019-05-02,-1.0022271714921982,6.429310629926559,-7.127178893281065,-0.3489341316772529
2019-05-03,-1.3498312710911176,6.29121432734123,-7.227800157638871,-0.468292915148821
2019-05-06,-2.394526795895102,5.905161247106922,-7.358407149191197,-0.7266229510421376
2019-05-07,-3.0373831775700855,5.894942768428521,-7.522056858399674,-0.8135570449855768
2019-05-08,-0.3614457831325302,5.950611863520266,-7.320348264598196,-0.6848682005389651
2019-05-09,-0.9673518742442488,5.33312007101409,-7.195837749193192,-0.9313588390895507
2019-05-10,1.2210012210012167,5.391762196878232,-7.202590384852898,-0.9054140939873332
2019-05-13,-7.237635705669476,5.624111111158687,-8.14874271033775,-1.2623157995895316
