Date,Symbol,Series,Prev Close,Open Price,High Price,Low Price,Last Price,Close Price,Average Price,Total Traded Quantity,Turnover,No. of Trades,Deliverable Qty,% Dly Qt to Traded Qty,Trade_Date,Month,Year,price_volume,Day_Perc_Change,Trend
15-May-2017,MINDTREE,EQ,510.6,507.35,515.0,505.9,510.5,509.45,510.39,271952,138800509.75,8261,100362,36.9,2017-05-15,5,2017,138801581.28,0.0,No Change
16-May-2017,MINDTREE,EQ,509.45,507.0,515.85,506.0,511.0,511.3,512.69,207011,106131728.2,5550,82090,39.65,2017-05-16,5,2017,106132469.59000002,0.363136716066359,No Change
17-May-2017,MINDTREE,EQ,511.3,507.05,519.7,502.75,504.0,506.35,512.1,391401,200437504.6,13341,150098,38.35,2017-05-17,5,2017,200436452.1,-0.9681204772149399,Slight Negative
18-May-2017,MINDTREE,EQ,506.35,502.0,516.75,486.0,487.5,492.9,505.6,852336,430937717.05,18513,170919,20.05,2017-05-18,5,2017,430941081.6,-2.6562654290510634,Negative
19-May-2017,MINDTREE,EQ,492.9,491.95,502.95,489.5,495.15,497.5,496.43,352273,174878151.5,8326,57853,16.42,2017-05-19,5,2017,174878885.39000002,0.9332521809697791,Slight Positive
22-May-2017,MINDTREE,EQ,497.5,499.95,511.85,497.1,501.55,502.35,504.78,399974,201899898.35,9779,107089,26.77,2017-05-22,5,2017,201898875.72,0.9748743718593023,Slight Positive
23-May-2017,MINDTREE,EQ,502.35,504.0,507.45,491.0,498.0,501.15,498.72,452893,225866353.65,8567,198703,43.87,2017-05-23,5,2017,225866796.96,-0.23887727679905435,No Change
24-May-2017,MINDTREE,EQ,501.15,502.0,515.0,494.05,511.95,509.95,506.72,823967,417521056.9,15083,351179,42.62,2017-05-24,5,2017,417520558.24,1.7559612890352128,Positive
25-May-2017,MINDTREE,EQ,509.95,513.7,549.5,508.45,542.5,543.9,532.14,1632427,868682873.0,25072,693340,42.47,2017-05-25,5,2017,868679703.78,6.657515442690465,Among Top Gainers
26-May-2017,MINDTREE,EQ,543.9,540.0,544.0,532.0,533.45,535.2,537.15,461613,247953805.9,12606,113087,24.5,2017-05-26,5,2017,247955422.95,-1.5995587424158741,Negative
29-May-2017,MINDTREE,EQ,535.2,532.5,552.05,521.6,529.15,530.55,535.83,718355,384914121.1,19256,173854,24.2,2017-05-29,5,2017,384916159.65000004,-0.8688340807175066,Slight Negative
30-May-2017,MINDTREE,EQ,530.55,530.55,540.0,524.0,535.6,537.4,535.4,475566,254620399.25,11648,186388,39.19,2017-05-30,5,2017,254618036.39999998,1.2911129959475964,Positive
31-May-2017,MINDTREE,EQ,537.4,540.0,549.8,534.5,546.05,543.95,543.99,617800,336076783.45,18504,234480,37.95,2017-05-31,5,2017,336077022.0,1.2188314104949916,Positive
01-Jun-2017,MINDTREE,EQ,543.95,545.05,549.0,535.0,538.0,537.4,540.08,504801,272634250.6,18409,182246,36.1,2017-06-01,6,2017,272632924.08000004,-1.204154793639134,Negative
02-Jun-2017,MINDTREE,EQ,537.4,537.8,543.8,533.1,539.9,539.9,539.28,312022,168268100.8,6951,139538,44.72,2017-06-02,6,2017,168267224.16,0.4652028284331866,No Change
05-Jun-2017,MINDTREE,EQ,539.9,540.0,560.0,536.3,555.85,557.45,552.59,960839,530948103.85,34305,367704,38.27,2017-06-05,6,2017,530950023.01000005,3.2506019633265604,Among Top Gainers
06-Jun-2017,MINDTREE,EQ,557.45,560.0,565.9,544.4,546.0,546.7,557.59,931646,519479225.9,28291,241092,25.88,2017-06-06,6,2017,519476493.14000005,-1.928424073907975,Negative
07-Jun-2017,MINDTREE,EQ,546.7,549.5,556.1,513.55,534.9,536.9,534.96,957153,512035924.15,18469,250862,26.21,2017-06-07,6,2017,512038568.88000005,-1.7925736235595569,Negative
08-Jun-2017,MINDTREE,EQ,536.9,538.5,546.35,528.0,542.8,543.5,539.33,459527,247838052.8,9138,138735,30.19,2017-06-08,6,2017,247836696.91000003,1.2292791953808946,Positive
09-Jun-2017,MINDTREE,EQ,543.5,542.0,542.75,534.15,537.05,538.75,538.62,229279,123494625.55,7087,87478,38.15,2017-06-09,6,2017,123494254.98,-0.8739650413983391,Slight Negative
12-Jun-2017,MINDTREE,EQ,538.75,536.1,544.55,528.05,539.0,539.8,538.19,379066,204010845.35,9623,98241,25.92,2017-06-12,6,2017,204009530.54000002,0.19489559164731496,No Change
13-Jun-2017,MINDTREE,EQ,539.8,540.9,542.35,530.2,532.0,531.8,536.98,320855,172291144.95,12246,97230,30.3,2017-06-13,6,2017,172292717.9,-1.482030381622823,Negative
14-Jun-2017,MINDTREE,EQ,531.8,531.7,536.75,516.45,523.5,523.3,523.37,671432,351407049.65,9066,317335,47.26,2017-06-14,6,2017,351407365.84,-1.5983452425723965,Negative
15-Jun-2017,MINDTREE,EQ,523.3,521.05,523.75,515.05,515.65,517.85,520.28,210643,109592788.85,5216,66819,31.72,2017-06-15,6,2017,109593340.03999999,-1.0414676094018582,Negative
16-Jun-2017,MINDTREE,EQ,517.85,518.05,525.45,511.15,514.9,514.95,518.36,385256,199702494.7,6706,116377,30.21,2017-06-16,6,2017,199701300.16,-0.5600077242444712,Slight Negative
19-Jun-2017,MINDTREE,EQ,514.95,518.7,520.45,511.6,515.2,515.9,516.15,188878,97488450.9,4159,31231,16.54,2017-06-19,6,2017,97489379.7,0.18448393047867384,No Change
20-Jun-2017,MINDTREE,EQ,515.9,516.0,525.0,516.0,519.05,519.75,520.97,442425,230490111.3,11450,226523,51.2,2017-06-20,6,2017,230490152.25,0.7462686567164312,Slight Positive
21-Jun-2017,MINDTREE,EQ,519.75,517.85,524.0,515.05,519.9,519.6,520.65,414457,215787296.9,14034,188443,45.47,2017-06-21,6,2017,215787037.04999998,-0.028860028860022702,No Change
22-Jun-2017,MINDTREE,EQ,519.6,520.0,530.85,518.25,521.05,521.0,525.4,403163,211820055.15,7914,95596,23.71,2017-06-22,6,2017,211821840.2,0.2694380292532772,No Change
23-Jun-2017,MINDTREE,EQ,521.0,531.95,537.5,525.0,532.0,532.0,531.87,1238632,658793281.85,22835,220177,17.78,2017-06-23,6,2017,658791201.84,2.111324376199608,Positive
27-Jun-2017,MINDTREE,EQ,532.0,537.0,540.0,516.05,526.05,526.65,528.98,699296,369910443.5,15285,221803,31.72,2017-06-27,6,2017,369913598.08,-1.0056390977443597,Negative
28-Jun-2017,MINDTREE,EQ,526.65,525.0,534.0,520.55,529.95,531.1,529.33,336692,178221369.5,7826,73242,21.75,2017-06-28,6,2017,178221176.36,0.8449634482103896,Slight Positive
29-Jun-2017,MINDTREE,EQ,531.1,548.7,548.7,525.3,527.0,528.7,533.11,2877419,1533985313.85,37587,1395145,48.49,2017-06-29,6,2017,1533980843.0900002,-0.45189229900206573,No Change
30-Jun-2017,MINDTREE,EQ,528.7,529.1,532.0,523.0,530.9,529.0,527.44,470377,248097623.9,7901,245563,52.21,2017-06-30,6,2017,248095644.88000003,0.0567429544164888,No Change
03-Jul-2017,MINDTREE,EQ,529.0,530.9,534.0,525.1,529.0,529.05,528.71,823697,435494658.55,17213,486031,59.01,2017-07-03,7,2017,435496840.87,0.009451795841197708,No Change
04-Jul-2017,MINDTREE,EQ,529.05,535.0,535.95,529.05,535.0,534.4,532.27,912799,485857728.25,28323,597937,65.51,2017-07-04,7,2017,485855523.72999996,1.0112465740478305,Positive
05-Jul-2017,MINDTREE,EQ,534.4,535.0,545.7,535.0,543.0,541.8,540.49,1592847,860913064.15,32898,980114,61.53,2017-07-05,7,2017,860917875.03,1.384730538922141,Positive
06-Jul-2017,MINDTREE,EQ,541.8,542.0,546.6,539.6,545.9,544.8,542.96,820255,445366595.1,13739,498293,60.75,2017-07-06,7,2017,445365654.8,0.5537098560354448,Slight Positive
07-Jul-2017,MINDTREE,EQ,544.8,544.9,548.8,538.05,540.7,539.15,543.07,1034523,561821559.7,17271,693438,67.03,2017-07-07,7,2017,561818405.61,-1.0370778267253966,Negative
10-Jul-2017,MINDTREE,EQ,539.15,539.0,539.0,518.9,529.1,529.65,530.06,81549,43225589.8,1502,47018,57.66,2017-07-10,7,2017,43225862.94,-1.7620328294537746,Negative
11-Jul-2017,MINDTREE,EQ,529.65,530.5,531.5,523.4,524.5,524.7,527.49,499551,263505935.45,9874,250482,50.14,2017-07-11,7,2017,263508156.99,-0.9345794392523255,Slight Negative
12-Jul-2017,MINDTREE,EQ,524.7,523.0,525.9,513.15,514.0,514.3,518.34,609499,315924801.5,9131,367221,60.25,2017-07-12,7,2017,315927711.66,-1.9820850009529378,Negative
13-Jul-2017,MINDTREE,EQ,514.3,516.85,520.0,510.1,513.95,513.75,515.39,429212,221209563.35,11816,203188,47.34,2017-07-13,7,2017,221211572.68,-0.1069414738479435,No Change
14-Jul-2017,MINDTREE,EQ,513.75,513.75,518.8,510.55,514.0,514.95,514.91,692155,356397821.2,12260,394280,56.96,2017-07-14,7,2017,356397531.04999995,0.23357664233576436,No Change
17-Jul-2017,MINDTREE,EQ,514.95,515.9,520.35,512.15,514.25,514.0,517.04,819291,423604106.6,7607,495508,60.48,2017-07-17,7,2017,423606218.64,-0.18448393047869605,No Change
18-Jul-2017,MINDTREE,EQ,514.0,516.9,516.9,506.0,507.15,508.4,510.12,462809,236088183.45,12582,157642,34.06,2017-07-18,7,2017,236088127.08,-1.0894941634241317,Negative
19-Jul-2017,MINDTREE,EQ,508.4,511.75,520.0,505.25,506.05,506.65,511.0,1084370,554107922.7,15183,251332,23.18,2017-07-19,7,2017,554113070.0,-0.34421715184893564,No Change
20-Jul-2017,MINDTREE,EQ,506.65,485.0,500.0,482.5,484.65,484.3,489.92,2193659,1074726916.8,33883,564402,25.73,2017-07-20,7,2017,1074717417.28,-4.411329320043411,Among Top Losers
21-Jul-2017,MINDTREE,EQ,484.3,486.9,487.7,478.75,484.9,484.25,482.52,783117,377868220.4,14024,308124,39.35,2017-07-21,7,2017,377869614.84,-0.010324179227749752,No Change
24-Jul-2017,MINDTREE,EQ,484.25,485.0,489.9,482.1,483.5,483.55,485.61,291492,141550963.4,11053,101811,34.93,2017-07-24,7,2017,141551430.12,-0.14455343314403457,No Change
25-Jul-2017,MINDTREE,EQ,483.55,485.6,485.6,475.0,481.95,481.85,480.58,357817,171961482.9,12055,91149,25.47,2017-07-25,7,2017,171959693.85999998,-0.3515665391376266,No Change
26-Jul-2017,MINDTREE,EQ,481.85,481.9,484.3,479.1,480.0,480.2,481.03,224292,107890090.7,5630,84660,37.75,2017-07-26,7,2017,107891180.75999999,-0.3424302168724802,No Change
27-Jul-2017,MINDTREE,EQ,480.2,480.2,485.15,479.0,483.15,481.8,482.8,462695,223390930.3,12081,211090,45.62,2017-07-27,7,2017,223389146.0,0.33319450229072345,No Change
28-Jul-2017,MINDTREE,EQ,481.8,483.15,483.15,476.75,479.0,479.5,478.9,118353,56679006.05,3282,42691,36.07,2017-07-28,7,2017,56679251.699999996,-0.47737650477376325,No Change
31-Jul-2017,MINDTREE,EQ,479.5,481.85,483.9,476.05,476.2,477.45,479.22,150644,72191931.1,3948,59542,39.52,2017-07-31,7,2017,72191617.68,-0.4275286757038588,No Change
01-Aug-2017,MINDTREE,EQ,477.45,477.35,479.2,469.45,472.35,472.6,474.85,371419,176368459.9,13465,183546,49.42,2017-08-01,8,2017,176368312.15,-1.0158131741543563,Negative
02-Aug-2017,MINDTREE,EQ,472.6,474.0,476.45,470.0,474.0,473.3,473.94,188148,89170151.1,9400,104624,55.61,2017-08-02,8,2017,89170863.12,0.14811680067710054,No Change
03-Aug-2017,MINDTREE,EQ,473.3,470.05,473.25,461.5,462.95,465.9,467.1,215576,100695910.1,8860,104754,48.59,2017-08-03,8,2017,100695549.60000001,-1.5634903866469596,Negative
04-Aug-2017,MINDTREE,EQ,465.9,464.8,473.25,461.75,472.2,471.05,467.36,439102,205217474.7,7820,259684,59.14,2017-08-04,8,2017,205218710.72,1.1053874221936155,Positive
07-Aug-2017,MINDTREE,EQ,471.05,471.0,485.35,468.1,484.0,483.2,479.88,357082,171355877.05,7136,201284,56.37,2017-08-07,8,2017,171356510.16,2.579344018681673,Positive
08-Aug-2017,MINDTREE,EQ,483.2,482.0,483.35,468.9,471.5,473.65,474.53,275869,130907105.2,6067,75851,27.5,2017-08-08,8,2017,130908116.57,-1.9764072847682113,Negative
09-Aug-2017,MINDTREE,EQ,473.65,474.6,474.6,461.25,462.0,464.35,469.65,140954,66199261.05,6148,46116,32.72,2017-08-09,8,2017,66199046.099999994,-1.963475139871207,Negative
10-Aug-2017,MINDTREE,EQ,464.35,461.7,465.65,442.45,453.95,451.3,456.27,220211,100476761.35,6685,70490,32.01,2017-08-10,8,2017,100475672.97,-2.8103801012167584,Negative
11-Aug-2017,MINDTREE,EQ,451.3,450.0,461.2,440.6,455.05,457.15,454.54,238168,108257618.2,6132,85229,35.79,2017-08-11,8,2017,108256882.72,1.2962552625747747,Positive
14-Aug-2017,MINDTREE,EQ,457.15,459.0,469.0,459.0,465.2,467.25,463.68,160503,74421797.1,5427,71505,44.55,2017-08-14,8,2017,74422031.04,2.209340479055011,Positive
16-Aug-2017,MINDTREE,EQ,467.25,469.1,470.0,461.5,468.05,468.0,464.89,123268,57306655.3,3741,46484,37.71,2017-08-16,8,2017,57306060.519999996,0.16051364365972098,No Change
17-Aug-2017,MINDTREE,EQ,468.0,468.1,480.0,468.05,475.55,475.7,475.66,222738,105947662.2,4825,45223,20.3,2017-08-17,8,2017,105947557.08,1.6452991452991395,Positive
18-Aug-2017,MINDTREE,EQ,475.7,475.7,479.9,462.5,467.0,466.2,468.33,257169,120440442.55,8192,58677,22.82,2017-08-18,8,2017,120439957.77,-1.997056968677735,Negative
21-Aug-2017,MINDTREE,EQ,466.2,467.95,472.05,460.1,461.5,461.4,465.77,103305,48116370.9,2630,33927,32.84,2017-08-21,8,2017,48116369.85,-1.029601029601035,Negative
22-Aug-2017,MINDTREE,EQ,461.4,461.5,463.0,451.4,453.6,453.95,455.8,241643,110139867.35,8831,86413,35.76,2017-08-22,8,2017,110140879.4,-1.6146510619852616,Negative
23-Aug-2017,MINDTREE,EQ,453.95,455.25,464.1,453.0,462.95,460.9,458.58,232458,106601737.25,6723,90872,39.09,2017-08-23,8,2017,106600589.64,1.5310056173587272,Positive
24-Aug-2017,MINDTREE,EQ,460.9,459.35,469.1,459.35,468.75,468.2,465.46,85512,39802754.8,3449,25253,29.53,2017-08-24,8,2017,39802415.519999996,1.5838576697765339,Positive
28-Aug-2017,MINDTREE,EQ,468.2,468.6,480.6,468.6,478.0,478.0,476.51,367103,174927010.25,10203,127147,34.64,2017-08-28,8,2017,174928250.53,2.0931225971806855,Positive
29-Aug-2017,MINDTREE,EQ,478.0,477.0,478.0,466.9,467.3,472.1,473.96,310572,147198333.55,8892,106038,34.14,2017-08-29,8,2017,147198705.12,-1.2343096234309625,Negative
30-Aug-2017,MINDTREE,EQ,472.1,473.0,476.0,459.0,462.9,462.1,467.09,310351,144961187.55,11186,55355,17.84,2017-08-30,8,2017,144961848.59,-2.11819529760644,Negative
31-Aug-2017,MINDTREE,EQ,462.1,461.0,470.75,458.05,459.15,461.0,463.73,437018,202658911.6,13475,124571,28.5,2017-08-31,8,2017,202658357.14000002,-0.2380437134819391,No Change
01-Sep-2017,MINDTREE,EQ,461.0,463.3,466.6,459.3,460.0,460.85,462.28,219330,101392621.4,7141,43567,19.86,2017-09-01,9,2017,101391872.39999999,-0.032537960954437395,No Change
04-Sep-2017,MINDTREE,EQ,460.85,461.7,463.95,452.6,454.1,454.9,457.36,141380,64662131.5,4005,55140,39.0,2017-09-04,9,2017,64661556.800000004,-1.2910925463817002,Negative
05-Sep-2017,MINDTREE,EQ,454.9,456.0,458.8,450.25,453.1,455.1,455.05,213952,97358609.9,7826,50908,23.79,2017-09-05,9,2017,97358857.60000001,0.043965706748738675,No Change
06-Sep-2017,MINDTREE,EQ,455.1,451.0,454.0,449.65,450.0,450.6,451.19,196333,88584444.75,5210,34604,17.63,2017-09-06,9,2017,88583486.27,-0.9887936717205004,Slight Negative
07-Sep-2017,MINDTREE,EQ,450.6,450.9,455.0,443.9,445.25,445.25,447.89,262010,117352751.5,7729,77154,29.45,2017-09-07,9,2017,117351658.89999999,-1.187305814469597,Negative
08-Sep-2017,MINDTREE,EQ,445.25,444.95,456.5,439.05,441.4,442.85,447.05,818456,365891370.4,14696,320505,39.16,2017-09-08,9,2017,365890754.8,-0.5390230207748425,Slight Negative
11-Sep-2017,MINDTREE,EQ,442.85,443.0,451.45,443.0,447.45,446.6,447.01,706177,315670672.7,11885,317694,44.99,2017-09-11,9,2017,315668180.77,0.8467878514169636,Slight Positive
12-Sep-2017,MINDTREE,EQ,446.6,445.6,448.75,439.55,442.0,442.5,442.24,628471,277933150.2,13331,409324,65.13,2017-09-12,9,2017,277935015.04,-0.9180474697716101,Slight Negative
13-Sep-2017,MINDTREE,EQ,442.5,443.0,449.25,443.0,445.5,444.25,445.75,365175,162777145.0,6995,155660,42.63,2017-09-13,9,2017,162776756.25,0.39548022598869803,No Change
14-Sep-2017,MINDTREE,EQ,444.25,447.5,463.7,444.75,463.65,462.55,456.6,995789,454674540.75,16333,293512,29.48,2017-09-14,9,2017,454677257.40000004,4.119302194710195,Among Top Gainers
15-Sep-2017,MINDTREE,EQ,462.55,463.9,469.8,461.2,466.0,465.05,465.23,704455,327732918.7,16086,300556,42.67,2017-09-15,9,2017,327733599.65000004,0.540482110042162,Slight Positive
18-Sep-2017,MINDTREE,EQ,465.05,467.9,474.6,466.5,471.95,472.95,470.75,451015,212315376.0,8676,219196,48.6,2017-09-18,9,2017,212315311.25,1.698742070745074,Positive
19-Sep-2017,MINDTREE,EQ,472.95,473.45,475.0,467.0,473.45,473.45,471.06,234782,110595850.0,5925,116627,49.67,2017-09-19,9,2017,110596408.92,0.10571942065757955,No Change
20-Sep-2017,MINDTREE,EQ,473.45,474.95,477.4,461.55,464.3,464.3,467.46,432822,202325973.75,6998,260121,60.1,2017-09-20,9,2017,202326972.12,-1.9326222409969285,Negative
21-Sep-2017,MINDTREE,EQ,464.3,465.1,469.3,453.5,463.55,462.5,459.5,613293,281810595.7,17257,285510,46.55,2017-09-21,9,2017,281808133.5,-0.3876803790652583,No Change
22-Sep-2017,MINDTREE,EQ,462.5,461.75,471.85,459.35,464.8,464.2,465.86,365550,170293818.85,17063,120620,33.0,2017-09-22,9,2017,170295123.0,0.3675675675675727,No Change
25-Sep-2017,MINDTREE,EQ,464.2,460.0,468.6,451.1,463.05,465.05,460.21,516584,237737797.65,19176,226350,43.82,2017-09-25,9,2017,237737122.64,0.18311072813443907,No Change
26-Sep-2017,MINDTREE,EQ,465.05,464.9,472.0,460.05,469.9,471.1,468.08,251415,117682886.6,7329,93838,37.32,2017-09-26,9,2017,117682333.2,1.3009353832921233,Positive
27-Sep-2017,MINDTREE,EQ,471.1,467.45,474.95,456.4,461.0,458.8,464.2,414942,192616562.55,17658,233309,56.23,2017-09-27,9,2017,192616076.4,-2.610910634684782,Negative
28-Sep-2017,MINDTREE,EQ,458.8,460.9,466.05,452.05,460.0,461.9,461.73,954583,440757745.7,22923,675697,70.78,2017-09-28,9,2017,440759608.59000003,0.6756756756756577,Slight Positive
29-Sep-2017,MINDTREE,EQ,461.9,464.5,467.75,460.5,464.6,464.85,464.19,246685,114507844.3,16372,133805,54.24,2017-09-29,9,2017,114508710.15,0.6386663780039159,Slight Positive
03-Oct-2017,MINDTREE,EQ,464.85,465.0,482.05,465.0,480.05,479.2,478.36,518751,248150321.75,10480,139459,26.88,2017-10-03,10,2017,248149728.36,3.087017317414209,Among Top Gainers
04-Oct-2017,MINDTREE,EQ,479.2,483.0,485.55,478.35,480.1,480.2,481.9,263337,126901599.9,6831,57447,21.82,2017-10-04,10,2017,126902100.3,0.2086811352253859,No Change
05-Oct-2017,MINDTREE,EQ,480.2,484.0,485.9,472.65,479.05,478.35,480.28,338782,162711831.05,8478,86651,25.58,2017-10-05,10,2017,162710218.95999998,-0.3852561432736268,No Change
06-Oct-2017,MINDTREE,EQ,478.35,477.8,483.85,475.6,480.3,480.05,480.4,356652,171334569.7,10977,80703,22.63,2017-10-06,10,2017,171335620.79999998,0.355388313996019,No Change
09-Oct-2017,MINDTREE,EQ,480.05,482.0,485.0,474.2,477.6,479.65,479.89,302548,145188563.2,5576,140925,46.58,2017-10-09,10,2017,145189759.72,-0.08332465368191544,No Change
10-Oct-2017,MINDTREE,EQ,479.65,479.7,491.8,479.65,490.35,490.3,488.09,572305,279337719.5,11364,170252,29.75,2017-10-10,10,2017,279336347.45,2.220369019076407,Positive
11-Oct-2017,MINDTREE,EQ,490.3,490.35,495.5,477.35,484.05,486.3,486.71,691937,336769895.4,12000,327232,47.29,2017-10-11,10,2017,336772657.27,-0.8158270446665283,Slight Negative
12-Oct-2017,MINDTREE,EQ,486.3,484.1,495.8,477.05,485.0,483.35,487.02,1094199,532902162.6,12647,412007,37.65,2017-10-12,10,2017,532896796.97999996,-0.6066214271026049,Slight Negative
13-Oct-2017,MINDTREE,EQ,483.35,485.0,486.4,480.85,485.0,484.55,483.95,264025,127775009.75,7932,152670,57.82,2017-10-13,10,2017,127774898.75,0.24826730112754714,No Change
16-Oct-2017,MINDTREE,EQ,484.55,485.8,498.45,480.95,494.25,494.25,490.22,762619,373848460.65,13040,315943,41.43,2017-10-16,10,2017,373851086.18,2.00185739345784,Positive
17-Oct-2017,MINDTREE,EQ,494.25,494.0,506.75,493.9,504.45,504.35,503.33,1020796,513795865.3,21305,404395,39.62,2017-10-17,10,2017,513797250.68,2.043500252908448,Positive
18-Oct-2017,MINDTREE,EQ,504.35,503.0,507.9,496.85,501.5,502.1,502.5,288536,144990302.4,5105,134591,46.65,2017-10-18,10,2017,144989340.0,-0.44611876672945305,No Change
19-Oct-2017,MINDTREE,EQ,502.1,500.0,501.8,495.15,496.0,497.35,497.97,46300,23055826.3,1655,16934,36.57,2017-10-19,10,2017,23056011.0,-0.9460266879107726,Slight Negative
23-Oct-2017,MINDTREE,EQ,497.35,494.2,507.75,494.2,504.9,502.95,501.36,403071,202084143.75,12794,183393,45.5,2017-10-23,10,2017,202083676.56,1.1259676284306686,Positive
24-Oct-2017,MINDTREE,EQ,502.95,504.8,514.85,500.0,502.35,502.8,508.31,418949,212957017.0,14511,182138,43.47,2017-10-24,10,2017,212955966.19,-0.029824038174763867,No Change
25-Oct-2017,MINDTREE,EQ,502.8,503.5,510.0,502.05,506.95,507.15,506.83,453677,229938267.3,17575,195093,43.0,2017-10-25,10,2017,229937113.91,0.8651551312649053,Slight Positive
26-Oct-2017,MINDTREE,EQ,507.15,505.7,505.9,482.1,484.9,486.5,487.64,1729223,843243833.35,21851,998456,57.74,2017-10-26,10,2017,843238303.72,-4.071773636991027,Among Top Losers
27-Oct-2017,MINDTREE,EQ,486.5,486.0,490.55,472.0,473.8,476.35,484.89,837203,405949000.05,9112,587607,70.19,2017-10-27,10,2017,405951362.67,-2.08633093525179,Negative
30-Oct-2017,MINDTREE,EQ,476.35,475.75,485.55,475.25,479.0,479.55,481.01,281664,135484084.85,10876,98869,35.1,2017-10-30,10,2017,135483200.64,0.6717749553899477,Slight Positive
31-Oct-2017,MINDTREE,EQ,479.55,479.55,483.3,473.45,480.05,479.65,477.02,368425,175747285.9,7137,211940,57.53,2017-10-31,10,2017,175746093.5,0.02085288291104881,No Change
01-Nov-2017,MINDTREE,EQ,479.65,483.3,484.0,471.0,473.1,474.75,476.51,328658,156610034.95,12038,198973,60.54,2017-11-01,11,2017,156608823.57999998,-1.0215782341290502,Negative
02-Nov-2017,MINDTREE,EQ,474.75,471.7,475.1,469.1,473.6,473.85,471.94,288705,136251853.15,8616,137313,47.56,2017-11-02,11,2017,136251437.7,-0.18957345971563067,No Change
03-Nov-2017,MINDTREE,EQ,473.85,474.95,490.0,473.0,489.0,480.95,478.76,375817,179925803.2,9089,228558,60.82,2017-11-03,11,2017,179926146.92,1.498364461327406,Positive
06-Nov-2017,MINDTREE,EQ,480.95,485.0,489.0,481.65,485.1,486.8,485.61,210264,102106946.35,4726,103710,49.32,2017-11-06,11,2017,102106301.04,1.2163426551616618,Positive
07-Nov-2017,MINDTREE,EQ,486.8,487.9,504.8,479.4,486.0,484.55,493.38,1395626,688578627.45,22459,402008,28.8,2017-11-07,11,2017,688573955.88,-0.46220213640099095,No Change
08-Nov-2017,MINDTREE,EQ,484.55,486.0,498.3,486.0,496.0,493.35,493.66,552329,272663784.45,11321,188325,34.1,2017-11-08,11,2017,272662734.14,1.8161180476730987,Positive
09-Nov-2017,MINDTREE,EQ,493.35,498.0,499.0,486.25,494.3,493.75,492.76,300417,148034291.0,7196,118829,39.55,2017-11-09,11,2017,148033480.92,0.08107834194790442,No Change
10-Nov-2017,MINDTREE,EQ,493.75,489.05,502.8,489.05,493.1,494.25,497.14,359259,178603199.65,8447,116285,32.37,2017-11-10,11,2017,178602019.26,0.10126582278480178,No Change
13-Nov-2017,MINDTREE,EQ,494.25,493.1,509.45,492.4,509.0,507.6,503.94,671685,338486325.95,14888,253963,37.81,2017-11-13,11,2017,338488938.9,2.7010622154780117,Positive
14-Nov-2017,MINDTREE,EQ,507.6,511.0,514.0,495.25,497.25,497.5,505.77,648526,328006520.1,19228,193044,29.77,2017-11-14,11,2017,328004995.02,-1.9897557131599686,Negative
15-Nov-2017,MINDTREE,EQ,497.5,497.5,504.0,490.0,495.05,492.25,496.88,387896,192735993.5,9894,128075,33.02,2017-11-15,11,2017,192737764.48,-1.0552763819095423,Negative
16-Nov-2017,MINDTREE,EQ,492.25,491.3,512.0,490.45,510.7,510.8,504.17,640819,323084849.05,16093,252008,39.33,2017-11-16,11,2017,323081715.23,3.768410360589125,Among Top Gainers
17-Nov-2017,MINDTREE,EQ,510.8,515.0,519.95,506.7,516.45,516.45,514.29,913262,469681126.55,20067,436779,47.83,2017-11-17,11,2017,469681513.97999996,1.1061080657791766,Positive
20-Nov-2017,MINDTREE,EQ,516.45,517.0,517.25,505.0,506.65,507.5,509.25,352455,179489165.9,12479,196259,55.68,2017-11-20,11,2017,179487708.75,-1.732984800077464,Negative
21-Nov-2017,MINDTREE,EQ,507.5,506.85,515.0,502.1,506.1,507.9,510.92,430898,220155427.15,21828,127870,29.68,2017-11-21,11,2017,220154406.16,0.07881773399014413,No Change
22-Nov-2017,MINDTREE,EQ,507.9,509.1,521.5,509.1,518.4,519.45,518.6,784393,406785211.95,23176,309307,39.43,2017-11-22,11,2017,406786209.8,2.2740696987596065,Positive
23-Nov-2017,MINDTREE,EQ,519.45,521.0,523.65,508.05,513.15,513.3,514.35,401262,206390033.75,12646,112743,28.1,2017-11-23,11,2017,206389109.70000002,-1.183944556742722,Negative
24-Nov-2017,MINDTREE,EQ,513.3,513.9,517.8,508.0,513.5,512.45,512.63,308781,158291380.3,15023,104290,33.77,2017-11-24,11,2017,158290404.03,-0.1655951685174184,No Change
27-Nov-2017,MINDTREE,EQ,512.45,523.0,555.0,516.1,550.7,550.05,538.94,2660906,1434060090.4,64312,754657,28.36,2017-11-27,11,2017,1434068679.64,7.337301200117063,Bull run
28-Nov-2017,MINDTREE,EQ,550.05,545.1,550.0,541.3,546.0,545.85,544.75,533637,290700154.05,16075,163561,30.65,2017-11-28,11,2017,290698755.75,-0.7635669484592156,Slight Negative
29-Nov-2017,MINDTREE,EQ,545.85,545.1,562.4,544.3,546.1,548.7,555.62,1242855,690549432.5,25515,249521,20.08,2017-11-29,11,2017,690555095.1,0.522121461940106,Slight Positive
30-Nov-2017,MINDTREE,EQ,548.7,548.0,550.0,530.75,536.65,539.2,542.93,613815,333259619.75,14534,293849,47.87,2017-11-30,11,2017,333258577.95,-1.7313650446509898,Negative
01-Dec-2017,MINDTREE,EQ,539.2,539.45,547.6,527.45,530.5,529.9,539.5,277028,149455473.65,8714,56836,20.52,2017-12-01,12,2017,149456606.0,-1.7247774480712241,Negative
04-Dec-2017,MINDTREE,EQ,529.9,530.6,555.1,530.6,555.1,552.75,549.08,1185727,651064347.8,29849,275403,23.23,2017-12-04,12,2017,651058981.1600001,4.312134364974529,Among Top Gainers
05-Dec-2017,MINDTREE,EQ,552.75,556.0,564.0,534.7,541.0,539.95,547.94,1371639,751570309.3,31049,308111,22.46,2017-12-05,12,2017,751575873.6600001,-2.3156942559927507,Negative
06-Dec-2017,MINDTREE,EQ,539.95,539.95,549.55,536.65,540.5,539.85,543.32,549205,298392666.85,20289,107240,19.53,2017-12-06,12,2017,298394060.6,-0.018520233354946125,No Change
07-Dec-2017,MINDTREE,EQ,539.85,542.0,559.0,542.0,556.9,556.9,553.09,700508,387441987.25,17034,192058,27.42,2017-12-07,12,2017,387443969.72,3.1582847087153754,Among Top Gainers
08-Dec-2017,MINDTREE,EQ,556.9,556.7,575.9,542.4,546.3,546.1,563.55,2139850,1205903193.05,42278,507928,23.74,2017-12-08,12,2017,1205912467.5,-1.9393068773567834,Negative
11-Dec-2017,MINDTREE,EQ,546.1,550.2,555.9,536.4,545.85,545.85,546.06,644109,351721873.8,21807,173708,26.97,2017-12-11,12,2017,351722160.53999996,-0.045779161325765205,No Change
12-Dec-2017,MINDTREE,EQ,545.85,549.95,566.0,544.25,561.9,564.45,558.86,1272972,711414859.05,32355,463102,36.38,2017-12-12,12,2017,711413131.9200001,3.407529541082721,Among Top Gainers
13-Dec-2017,MINDTREE,EQ,564.45,564.95,573.0,560.2,562.5,564.2,567.6,971881,551635447.15,27190,169354,17.43,2017-12-13,12,2017,551639655.6,-0.04429090264859159,No Change
14-Dec-2017,MINDTREE,EQ,564.2,564.25,572.0,555.55,567.5,565.6,565.06,590777,333827363.3,12092,148052,25.06,2017-12-14,12,2017,333824451.61999995,0.2481389578163684,No Change
15-Dec-2017,MINDTREE,EQ,565.6,570.0,573.0,560.6,566.0,566.55,565.77,329791,186584403.6,8750,99694,30.23,2017-12-15,12,2017,186585854.07,0.1679632248938967,No Change
18-Dec-2017,MINDTREE,EQ,566.55,566.0,578.9,537.0,576.0,575.65,572.34,765389,438059761.8,14259,263964,34.49,2017-12-18,12,2017,438062740.26000005,1.6062130438619704,Positive
19-Dec-2017,MINDTREE,EQ,575.65,576.1,580.25,570.0,570.0,571.3,575.13,357364,205531850.4,12710,164524,46.04,2017-12-19,12,2017,205530757.32,-0.7556675062972307,Slight Negative
20-Dec-2017,MINDTREE,EQ,571.3,572.0,581.05,566.05,577.15,577.45,575.26,411708,236839404.05,11517,166182,40.36,2017-12-20,12,2017,236839144.07999998,1.0764922107474373,Positive
21-Dec-2017,MINDTREE,EQ,577.45,576.2,579.9,573.5,577.8,576.65,576.66,252372,145532740.35,9049,98866,39.17,2017-12-21,12,2017,145532837.51999998,-0.1385401333448888,No Change
22-Dec-2017,MINDTREE,EQ,576.65,577.8,604.0,577.0,599.8,599.7,595.37,1462664,870829288.9,34166,287663,19.67,2017-12-22,12,2017,870826265.68,3.997225353333933,Among Top Gainers
26-Dec-2017,MINDTREE,EQ,599.7,593.0,603.5,590.05,596.55,598.45,597.3,614201,366865294.8,15699,151357,24.64,2017-12-26,12,2017,366862257.29999995,-0.2084375521093862,No Change
27-Dec-2017,MINDTREE,EQ,598.45,596.5,619.95,596.1,608.4,611.1,609.45,910025,554619160.2,17656,237032,26.05,2017-12-27,12,2017,554614736.25,2.1137939677500217,Positive
28-Dec-2017,MINDTREE,EQ,611.1,611.8,626.5,608.2,608.5,613.0,618.93,1052556,651454178.15,21430,223568,21.24,2017-12-28,12,2017,651458485.0799999,0.3109147439044335,No Change
29-Dec-2017,MINDTREE,EQ,613.0,616.9,620.35,598.15,612.45,612.4,611.07,545902,333585049.75,11344,99506,18.23,2017-12-29,12,2017,333584335.14000005,-0.09787928221860476,No Change
01-Jan-2018,MINDTREE,EQ,612.4,610.8,618.35,605.3,606.05,606.9,610.63,318744,194634109.05,6312,107284,33.66,2018-01-01,1,2018,194634648.72,-0.8981058131939945,Slight Negative
02-Jan-2018,MINDTREE,EQ,606.9,603.05,611.35,598.0,605.05,605.05,604.0,528274,319075916.95,10102,110148,20.85,2018-01-02,1,2018,319077496.0,-0.30482781347833665,No Change
03-Jan-2018,MINDTREE,EQ,605.05,606.0,613.8,595.7,599.5,599.3,606.68,853218,517627964.5,13411,276474,32.4,2018-01-03,1,2018,517630296.23999995,-0.950334683084042,Slight Negative
04-Jan-2018,MINDTREE,EQ,599.3,601.0,605.75,593.05,599.45,599.9,599.41,1122243,672683369.1,19195,651722,58.07,2018-01-04,1,2018,672683676.63,0.10011680293675607,No Change
05-Jan-2018,MINDTREE,EQ,599.9,600.5,605.0,597.0,602.0,602.3,600.57,908732,545760501.55,12565,579769,63.8,2018-01-05,1,2018,545757177.24,0.40006667777963134,No Change
08-Jan-2018,MINDTREE,EQ,602.3,602.5,643.2,602.5,633.0,632.65,630.79,1802300,1136866438.35,39526,394511,21.89,2018-01-08,1,2018,1136872817.0,5.0390171011124085,Among Top Gainers
09-Jan-2018,MINDTREE,EQ,632.65,632.5,632.5,615.35,622.75,626.05,622.49,422846,263218998.2,13022,82992,19.63,2018-01-09,1,2018,263217406.54,-1.043230854342847,Negative
10-Jan-2018,MINDTREE,EQ,626.05,625.95,633.0,620.55,624.0,623.85,626.79,854033,535296942.3,18241,96683,11.32,2018-01-10,1,2018,535299344.07,-0.35140963181853335,No Change
11-Jan-2018,MINDTREE,EQ,623.85,627.0,638.0,617.6,621.95,621.2,628.84,1164044,731999673.45,21994,210784,18.11,2018-01-11,1,2018,731997428.96,-0.4247815981405778,No Change
12-Jan-2018,MINDTREE,EQ,621.2,625.0,637.0,623.05,633.0,633.75,629.78,1045673,658543459.05,40658,492058,47.06,2018-01-12,1,2018,658543941.9399999,2.0202833226014016,Positive
15-Jan-2018,MINDTREE,EQ,633.75,635.0,640.85,622.65,627.15,627.5,633.48,471138,298458377.9,20555,216388,45.93,2018-01-15,1,2018,298456500.24,-0.9861932938856066,Slight Negative
16-Jan-2018,MINDTREE,EQ,627.5,631.95,635.45,616.6,618.8,619.75,626.97,518830,325289119.5,16203,152362,29.37,2018-01-16,1,2018,325290845.1,-1.2350597609561698,Negative
17-Jan-2018,MINDTREE,EQ,619.75,621.0,629.8,615.0,622.0,624.85,624.34,686332,428504322.95,19219,133921,19.51,2018-01-17,1,2018,428504520.88,0.822912464703518,Slight Positive
18-Jan-2018,MINDTREE,EQ,624.85,665.2,693.6,663.2,681.15,684.15,679.4,6947714,4720256501.1,110058,610361,8.79,2018-01-18,1,2018,4720276891.599999,9.49027766663999,Bull run
19-Jan-2018,MINDTREE,EQ,684.15,685.0,706.0,671.2,705.0,702.4,689.79,2401933,1656834550.6,52810,313509,13.05,2018-01-19,1,2018,1656829364.07,2.6675436673244235,Positive
22-Jan-2018,MINDTREE,EQ,702.4,700.0,764.3,693.45,753.0,757.35,741.57,5595004,4149078691.85,108498,844332,15.09,2018-01-22,1,2018,4149087116.28,7.823177676537596,Bull run
23-Jan-2018,MINDTREE,EQ,757.35,750.0,775.0,742.9,762.5,762.55,761.79,2763558,2105261850.9,56964,658642,23.83,2018-01-23,1,2018,2105250848.82,0.6866046081732247,Slight Positive
24-Jan-2018,MINDTREE,EQ,762.55,758.0,784.0,748.8,754.3,753.45,767.34,4376579,3358327272.2,92458,1170743,26.75,2018-01-24,1,2018,3358324129.86,-1.193364369549521,Negative
25-Jan-2018,MINDTREE,EQ,753.45,762.8,770.25,747.0,750.0,749.55,757.7,1800526,1364250471.55,51348,665777,36.98,2018-01-25,1,2018,1364258550.2,-0.517618952817056,Slight Negative
29-Jan-2018,MINDTREE,EQ,749.55,750.0,770.8,749.0,760.1,761.95,763.94,1733599,1324365236.85,44097,644279,37.16,2018-01-29,1,2018,1324365620.0600002,1.6543259288906764,Positive
30-Jan-2018,MINDTREE,EQ,761.95,758.0,772.7,756.0,762.25,764.45,765.46,1023279,783279452.4,21319,326813,31.94,2018-01-30,1,2018,783279143.34,0.3281055187348336,No Change
31-Jan-2018,MINDTREE,EQ,764.45,774.0,779.15,762.55,768.0,770.0,770.36,1590667,1225386278.75,41039,478479,30.08,2018-01-31,1,2018,1225386230.1200001,0.7260121656092577,Slight Positive
01-Feb-2018,MINDTREE,EQ,770.0,765.55,769.0,745.05,757.75,753.6,757.46,936000,708983789.6,42431,352018,37.61,2018-02-01,2,2018,708982560.0,-2.129870129870126,Negative
02-Feb-2018,MINDTREE,EQ,753.6,750.0,758.0,730.2,735.2,735.15,744.87,902642,672353527.85,34408,268491,29.75,2018-02-02,2,2018,672350946.54,-2.4482484076433164,Negative
05-Feb-2018,MINDTREE,EQ,735.15,720.05,727.95,683.4,711.2,705.0,700.27,1709873,1197373385.95,45497,381884,22.33,2018-02-05,2,2018,1197372765.71,-4.101203835951839,Among Top Losers
06-Feb-2018,MINDTREE,EQ,705.0,662.0,723.5,662.0,719.4,720.7,710.1,2091682,1485301172.8,72490,729303,34.87,2018-02-06,2,2018,1485303388.2,2.2269503546099356,Positive
07-Feb-2018,MINDTREE,EQ,720.7,728.4,728.45,714.7,715.95,717.45,720.81,893481,644027734.55,28142,378442,42.36,2018-02-07,2,2018,644030039.6099999,-0.4509504648258611,No Change
08-Feb-2018,MINDTREE,EQ,717.45,721.0,750.0,717.4,733.35,733.3,736.8,1430828,1054241127.1,60686,584972,40.88,2018-02-08,2,2018,1054234070.4,2.209213185587844,Positive
09-Feb-2018,MINDTREE,EQ,733.3,725.0,732.65,713.7,717.25,717.2,720.54,669860,482657777.75,28957,256033,38.22,2018-02-09,2,2018,482660924.4,-2.1955543433792357,Negative
12-Feb-2018,MINDTREE,EQ,717.2,721.7,727.6,716.2,722.0,722.4,722.17,741147,535237280.95,30580,274894,37.09,2018-02-12,2,2018,535234128.98999995,0.7250418293363037,Slight Positive
14-Feb-2018,MINDTREE,EQ,722.4,724.9,738.75,719.75,723.65,723.6,731.02,1028773,752049816.1,29286,476094,46.28,2018-02-14,2,2018,752053638.46,0.16611295681063787,No Change
15-Feb-2018,MINDTREE,EQ,723.6,732.5,732.5,694.4,704.5,701.6,713.21,540597,385560956.65,16226,97871,18.1,2018-02-15,2,2018,385559186.37,-3.0403537866224406,Among Top Losers
16-Feb-2018,MINDTREE,EQ,701.6,705.4,720.0,705.05,712.8,713.2,711.95,700799,498936154.8,20320,172242,24.58,2018-02-16,2,2018,498933848.05,1.6533637400228063,Positive
19-Feb-2018,MINDTREE,EQ,713.2,708.0,713.95,680.55,692.0,691.55,692.45,877372,607535395.75,24079,370748,42.26,2018-02-19,2,2018,607536241.4000001,-3.035614133482911,Among Top Losers
20-Feb-2018,MINDTREE,EQ,691.55,696.75,704.95,687.4,700.1,697.8,697.96,480291,335226011.1,22783,109854,22.87,2018-02-20,2,2018,335223906.36,0.9037669004410276,Slight Positive
21-Feb-2018,MINDTREE,EQ,697.8,696.0,728.3,696.0,727.65,726.15,723.47,2196558,1589153742.3,64976,668466,30.43,2018-02-21,2,2018,1589143816.26,4.062768701633712,Among Top Gainers
22-Feb-2018,MINDTREE,EQ,726.15,730.0,743.9,729.75,741.55,740.7,739.28,1953791,1444400508.65,55278,588173,30.1,2018-02-22,2,2018,1444398610.48,2.00371824003307,Positive
23-Feb-2018,MINDTREE,EQ,740.7,745.95,836.15,744.0,815.0,811.9,788.77,5970601,4709426999.9,106521,1296565,21.72,2018-02-23,2,2018,4709430950.7699995,9.612528689077893,Bull run
26-Feb-2018,MINDTREE,EQ,811.9,821.4,825.8,774.15,797.1,801.85,809.13,4040833,3269554289.25,91367,516997,12.79,2018-02-26,2,2018,3269559205.29,-1.2378371720655146,Negative
27-Feb-2018,MINDTREE,EQ,801.85,804.0,812.0,794.75,805.6,802.7,803.49,1493764,1200217856.3,29625,313777,21.01,2018-02-27,2,2018,1200224436.36,0.10600486375258455,No Change
28-Feb-2018,MINDTREE,EQ,802.7,800.15,820.0,793.15,815.6,815.1,811.18,2762568,2240952927.85,51782,508597,18.41,2018-02-28,2,2018,2240939910.24,1.5447863460819722,Positive
01-Mar-2018,MINDTREE,EQ,815.1,820.0,824.35,810.05,812.0,814.05,818.21,1343617,1099362449.1,25412,137094,10.2,2018-03-01,3,2018,1099360865.57,-0.12881854987119024,No Change
05-Mar-2018,MINDTREE,EQ,814.05,808.25,871.2,808.1,870.0,859.55,839.59,4171893,3502676054.5,81890,728203,17.45,2018-03-05,3,2018,3502679643.8700004,5.589337264295802,Among Top Gainers
06-Mar-2018,MINDTREE,EQ,859.55,870.0,870.6,820.05,824.0,826.1,844.53,2558913,2161084700.6,59375,398580,15.58,2018-03-06,3,2018,2161078795.89,-3.8915711709615386,Among Top Losers
07-Mar-2018,MINDTREE,EQ,826.1,822.0,849.4,817.0,833.0,831.3,833.49,2935071,2446354839.9,59039,384507,13.1,2018-03-07,3,2018,2446352327.79,0.6294637453092777,Slight Positive
08-Mar-2018,MINDTREE,EQ,831.3,836.0,843.4,814.35,815.9,817.2,824.58,1748332,1441638346.0,35212,456795,26.13,2018-03-08,3,2018,1441639600.5600002,-1.6961385781306237,Negative
09-Mar-2018,MINDTREE,EQ,817.2,823.0,829.0,809.0,815.1,813.85,817.96,1201294,982609348.75,23612,175133,14.58,2018-03-09,3,2018,982610440.24,-0.4099363680861501,No Change
12-Mar-2018,MINDTREE,EQ,813.85,819.0,828.0,810.6,817.6,815.15,818.65,1266696,1036977583.35,32386,299620,23.65,2018-03-12,3,2018,1036980680.4,0.15973459482705454,No Change
13-Mar-2018,MINDTREE,EQ,815.15,816.25,825.0,795.2,802.0,800.85,807.95,1627811,1315182116.45,45627,561694,34.51,2018-03-13,3,2018,1315189897.45,-1.75427835367723,Negative
14-Mar-2018,MINDTREE,EQ,800.85,800.0,815.0,791.75,799.3,799.55,801.34,2064666,1654491410.9,36201,728597,35.29,2018-03-14,3,2018,1654499452.44,-0.16232752700257036,No Change
15-Mar-2018,MINDTREE,EQ,799.55,801.55,849.9,801.55,839.0,843.65,828.48,3644018,3018979591.75,58704,487441,13.38,2018-03-15,3,2018,3018996032.64,5.515602526421115,Among Top Gainers
16-Mar-2018,MINDTREE,EQ,843.65,839.0,842.95,809.1,813.9,812.35,823.49,2317309,1908283753.5,44918,399006,17.22,2018-03-16,3,2018,1908280788.41,-3.7100693415515806,Among Top Losers
19-Mar-2018,MINDTREE,EQ,812.35,819.5,819.5,772.4,775.7,779.4,785.28,2165988,1700910529.4,62915,527146,24.34,2018-03-19,3,2018,1700907056.6399999,-4.056133440019705,Among Top Losers
20-Mar-2018,MINDTREE,EQ,779.4,772.0,782.9,751.2,776.15,772.95,770.29,3039294,2341151922.25,78794,660352,21.73,2018-03-20,3,2018,2341137775.2599998,-0.827559661277899,Slight Negative
21-Mar-2018,MINDTREE,EQ,772.95,780.0,807.0,779.25,791.0,790.9,797.06,3525369,2809945563.9,78334,536442,15.22,2018-03-21,3,2018,2809930615.14,2.322271815770738,Positive
22-Mar-2018,MINDTREE,EQ,790.9,793.0,795.0,767.55,772.8,772.65,776.15,1811863,1406271404.5,42813,427911,23.62,2018-03-22,3,2018,1406277467.45,-2.307497787330892,Negative
23-Mar-2018,MINDTREE,EQ,772.65,760.0,787.0,744.65,781.15,782.75,772.48,2566950,1982927323.6,44666,356235,13.88,2018-03-23,3,2018,1982917536.0,1.3071895424836555,Positive
26-Mar-2018,MINDTREE,EQ,782.75,779.95,786.0,767.0,773.0,771.9,774.59,1917738,1485455180.45,50284,706404,36.84,2018-03-26,3,2018,1485460677.42,-1.3861386138613874,Negative
27-Mar-2018,MINDTREE,EQ,771.9,776.7,781.95,770.1,772.65,772.8,775.98,1188074,921926091.55,30584,420914,35.43,2018-03-27,3,2018,921921662.52,0.11659541391371153,No Change
28-Mar-2018,MINDTREE,EQ,772.8,775.25,780.0,767.2,769.95,771.95,773.97,1567402,1213116759.75,59581,602684,38.45,2018-03-28,3,2018,1213122125.94,-0.10998964803311528,No Change
02-Apr-2018,MINDTREE,EQ,771.95,782.0,812.8,772.5,811.0,810.2,802.53,2650454,2127057290.65,72612,679665,25.64,2018-04-02,4,2018,2127068848.62,4.9549841310965625,Among Top Gainers
03-Apr-2018,MINDTREE,EQ,810.2,801.0,809.4,792.4,802.0,800.65,801.64,979266,785020740.2,26710,321717,32.85,2018-04-03,4,2018,785018796.24,-1.178721303381891,Negative
04-Apr-2018,MINDTREE,EQ,800.65,807.9,808.45,776.75,782.7,779.55,792.35,997207,790134947.4,22811,136530,13.69,2018-04-04,4,2018,790136966.45,-2.6353587709985637,Negative
05-Apr-2018,MINDTREE,EQ,779.55,790.9,807.7,790.0,805.95,805.95,800.99,1772130,1419463222.75,45516,747685,42.19,2018-04-05,4,2018,1419458408.7,3.386569174523779,Among Top Gainers
06-Apr-2018,MINDTREE,EQ,805.95,806.95,840.55,805.6,831.75,831.7,831.17,2996695,2490769632.9,62841,777517,25.95,2018-04-06,4,2018,2490762983.15,3.1949872820894676,Among Top Gainers
09-Apr-2018,MINDTREE,EQ,831.7,840.0,848.5,808.3,821.5,822.25,832.31,2063424,1717411936.4,38161,447557,21.69,2018-04-09,4,2018,1717408429.4399998,-1.1362270049296685,Negative
10-Apr-2018,MINDTREE,EQ,822.25,824.45,845.85,823.0,827.5,827.75,835.24,2429594,2029286296.95,47965,583720,24.03,2018-04-10,4,2018,2029294092.56,0.6688963210702337,Slight Positive
11-Apr-2018,MINDTREE,EQ,827.75,830.0,842.2,825.0,830.1,829.95,833.36,1228266,1023591600.2,30169,213114,17.35,2018-04-11,4,2018,1023587753.76,0.26578073089702503,No Change
12-Apr-2018,MINDTREE,EQ,829.95,835.0,847.0,833.1,838.15,836.4,841.13,1871051,1573787997.5,30896,379599,20.29,2018-04-12,4,2018,1573797127.6299999,0.7771552503162749,Slight Positive
13-Apr-2018,MINDTREE,EQ,836.4,840.6,859.0,830.1,853.0,852.15,851.25,3021559,2572097159.05,46183,683550,22.62,2018-04-13,4,2018,2572102098.75,1.8830703012912453,Positive
16-Apr-2018,MINDTREE,EQ,852.15,843.5,872.0,840.6,869.7,868.85,859.31,2623973,2254802323.35,50626,351131,13.38,2018-04-16,4,2018,2254806238.6299996,1.95974887050403,Positive
17-Apr-2018,MINDTREE,EQ,868.85,870.1,884.95,861.0,884.0,882.95,876.4,2788226,2443603207.7,50460,586181,21.02,2018-04-17,4,2018,2443601266.4,1.6228347816078736,Positive
18-Apr-2018,MINDTREE,EQ,882.95,884.0,895.85,859.85,867.35,865.1,879.17,3311973,2911793171.2,75927,740853,22.37,2018-04-18,4,2018,2911787302.41,-2.021632028993714,Negative
19-Apr-2018,MINDTREE,EQ,865.1,895.0,902.0,879.0,898.0,897.6,891.29,5773178,5145590809.95,93356,1086925,18.83,2018-04-19,4,2018,5145575819.62,3.756791122413583,Among Top Gainers
20-Apr-2018,MINDTREE,EQ,897.6,908.8,1013.45,903.05,987.95,979.85,953.14,11466392,10929110378.9,170808,1474641,12.86,2018-04-20,4,2018,10929076870.88,9.163324420677355,Bull run
23-Apr-2018,MINDTREE,EQ,979.85,978.95,1027.7,966.3,999.8,1000.6,1007.97,8986864,9058494220.75,142134,735807,8.19,2018-04-23,4,2018,9058489306.08,2.117671072102878,Positive
24-Apr-2018,MINDTREE,EQ,1000.6,1005.0,1011.8,978.0,998.5,999.95,993.43,4012024,3985683753.1,84211,637591,15.89,2018-04-24,4,2018,3985665002.3199997,-0.06496102338596765,No Change
25-Apr-2018,MINDTREE,EQ,999.95,993.0,1042.5,993.0,1034.0,1033.7,1030.05,6427671,6620844935.65,127086,1134197,17.65,2018-04-25,4,2018,6620822513.549999,3.3751687584379297,Among Top Gainers
26-Apr-2018,MINDTREE,EQ,1033.7,1046.6,1088.0,1035.75,1083.3,1070.6,1055.19,5349404,5644625698.7,90314,678800,12.69,2018-04-26,4,2018,5644637606.76,3.5697010738125146,Among Top Gainers
27-Apr-2018,MINDTREE,EQ,1070.6,1080.3,1080.3,1043.25,1048.6,1050.7,1053.89,2486572,2620570181.8,60580,388313,15.62,2018-04-27,4,2018,2620573365.0800004,-1.858770782738639,Negative
30-Apr-2018,MINDTREE,EQ,1050.7,1063.75,1098.0,1053.0,1085.0,1084.6,1087.26,2842415,3090435434.85,61955,379046,13.34,2018-04-30,4,2018,3090444132.9,3.2264204815837028,Among Top Gainers
02-May-2018,MINDTREE,EQ,1084.6,1086.95,1101.2,1041.8,1057.0,1051.65,1064.11,1793498,1908480152.5,34241,351064,19.57,2018-05-02,5,2018,1908479156.7799997,-3.0379863544163555,Among Top Losers
03-May-2018,MINDTREE,EQ,1051.65,1055.2,1091.6,1025.85,1027.1,1031.85,1054.84,3878653,4091348077.4,79451,636716,16.42,2018-05-03,5,2018,4091358330.5199995,-1.882755669661973,Negative
04-May-2018,MINDTREE,EQ,1031.85,1032.0,1037.95,997.05,1014.0,1010.05,1012.08,3284715,3324409018.3,52776,558384,17.0,2018-05-04,5,2018,3324394357.2000003,-2.1127101807433157,Negative
07-May-2018,MINDTREE,EQ,1010.05,1020.0,1034.0,1006.55,1014.5,1014.75,1018.52,1298823,1322874365.7,25451,240345,18.5,2018-05-07,5,2018,1322877201.96,0.46532349883670054,No Change
08-May-2018,MINDTREE,EQ,1014.75,1024.8,1045.7,1018.0,1030.75,1031.3,1034.7,2532266,2620137319.2,63883,526070,20.77,2018-05-08,5,2018,2620135630.2000003,1.6309435821630913,Positive
09-May-2018,MINDTREE,EQ,1031.3,1035.95,1042.0,1011.15,1020.0,1018.05,1028.41,1820504,1872230563.9,61006,559311,30.72,2018-05-09,5,2018,1872224518.64,-1.284786192184617,Negative
10-May-2018,MINDTREE,EQ,1018.05,1026.0,1034.0,1014.2,1020.0,1016.8,1024.11,1385624,1419038095.5,54310,472363,34.09,2018-05-10,5,2018,1419031394.6399999,-0.12278375325377455,No Change
11-May-2018,MINDTREE,EQ,1016.8,1026.8,1028.0,995.95,1006.9,1007.55,1008.63,1512123,1525174353.45,30700,422670,27.95,2018-05-11,5,2018,1525172621.49,-0.9097167584579124,Slight Negative
14-May-2018,MINDTREE,EQ,1007.55,1011.7,1011.7,987.8,989.0,994.1,996.28,1331607,1326651390.25,38435,404610,30.39,2018-05-14,5,2018,1326653421.96,-1.334921343853901,Negative
15-May-2018,MINDTREE,EQ,994.1,983.4,1021.8,983.4,1003.7,1001.15,1007.06,1854585,1867677266.2,50349,497490,26.82,2018-05-15,5,2018,1867678370.1,0.7091841867015392,Slight Positive
16-May-2018,MINDTREE,EQ,1001.15,999.95,1014.2,994.05,1006.2,1005.25,1005.29,1049191,1054742487.7,26505,258571,24.64,2018-05-16,5,2018,1054741220.39,0.4095290416021635,No Change
17-May-2018,MINDTREE,EQ,1005.25,1017.6,1017.8,995.9,1004.0,1001.7,1003.99,744864,747834815.05,26753,236062,31.69,2018-05-17,5,2018,747836007.36,-0.3531459835861672,No Change
18-May-2018,MINDTREE,EQ,1001.7,1004.0,1011.8,998.8,1009.25,1006.35,1006.02,829188,834183034.75,20221,260465,31.41,2018-05-18,5,2018,834179711.76,0.4642108415693347,No Change
21-May-2018,MINDTREE,EQ,1006.35,1018.5,1036.4,1009.5,1029.1,1029.6,1026.75,2073515,2128985998.25,63264,511461,24.67,2018-05-21,5,2018,2128981526.25,2.31032940825755,Positive
22-May-2018,MINDTREE,EQ,1029.6,1034.95,1040.0,1011.15,1019.5,1018.9,1022.75,1342710,1373253664.2,24240,153849,11.46,2018-05-22,5,2018,1373256652.5,-1.0392385392385295,Negative
23-May-2018,MINDTREE,EQ,1018.9,1021.5,1045.0,1018.0,1034.95,1033.9,1034.13,1219984,1261623571.1,24329,156289,12.81,2018-05-23,5,2018,1261622053.92,1.472175875944659,Positive
24-May-2018,MINDTREE,EQ,1033.9,1041.0,1055.0,1030.35,1039.3,1038.35,1042.04,1358248,1415350831.0,27464,209406,15.42,2018-05-24,5,2018,1415348745.9199998,0.4304091304768276,No Change
25-May-2018,MINDTREE,EQ,1038.35,1041.65,1052.0,1020.0,1026.45,1023.6,1041.35,1089298,1134345897.15,23416,229629,21.08,2018-05-25,5,2018,1134340472.3,-1.4205229450570456,Negative
28-May-2018,MINDTREE,EQ,1023.6,1035.7,1036.35,1006.0,1011.0,1011.45,1015.77,749223,761036388.9,21793,216540,28.9,2018-05-28,5,2018,761038246.71,-1.1869871043376334,Negative
29-May-2018,MINDTREE,EQ,1011.45,1013.0,1037.0,1005.4,1018.1,1018.45,1021.14,1199307,1224662158.85,23922,108493,9.05,2018-05-29,5,2018,1224660349.98,0.6920757328587657,Slight Positive
30-May-2018,MINDTREE,EQ,1018.45,1018.95,1029.4,1012.6,1020.05,1019.05,1020.56,582903,594886534.5,24559,152318,26.13,2018-05-30,5,2018,594887485.68,0.05891305415091086,No Change
31-May-2018,MINDTREE,EQ,1019.05,1024.95,1025.15,1002.5,1009.6,1007.95,1011.49,1218668,1232671204.15,35915,597425,49.02,2018-05-31,5,2018,1232670495.32,-1.0892497914724464,Negative
01-Jun-2018,MINDTREE,EQ,1007.95,1015.95,1025.0,984.0,1008.95,1006.7,1006.73,1293503,1302208164.7,27564,214905,16.61,2018-06-01,6,2018,1302208275.19,-0.12401408800040148,No Change
04-Jun-2018,MINDTREE,EQ,1006.7,1011.75,1011.8,992.4,1003.0,999.85,1000.39,638201,638446798.45,15481,226967,35.56,2018-06-04,6,2018,638449898.39,-0.6804410449985143,Slight Negative
05-Jun-2018,MINDTREE,EQ,999.85,1003.75,1009.9,966.95,993.8,990.85,986.41,1047824,1033587852.1,30050,210419,20.08,2018-06-05,6,2018,1033584071.8399999,-0.9001350202530345,Slight Negative
06-Jun-2018,MINDTREE,EQ,990.85,994.05,1020.2,970.15,1019.95,1013.8,998.74,1096128,1094743789.45,35614,136047,12.41,2018-06-06,6,2018,1094746878.72,2.316193167482461,Positive
07-Jun-2018,MINDTREE,EQ,1013.8,1022.8,1026.6,1009.1,1013.45,1013.4,1015.34,572990,581778803.4,20482,153530,26.79,2018-06-07,6,2018,581779666.6,-0.039455513908071005,No Change
08-Jun-2018,MINDTREE,EQ,1013.4,1016.85,1038.0,1010.55,1028.0,1028.3,1029.69,875389,901377668.15,26640,98805,11.29,2018-06-08,6,2018,901379299.4100001,1.4702980067100802,Positive
11-Jun-2018,MINDTREE,EQ,1028.3,1033.0,1036.65,1019.0,1036.0,1032.9,1029.83,548900,565276103.35,14394,112941,20.58,2018-06-11,6,2018,565273687.0,0.44734027034913915,No Change
12-Jun-2018,MINDTREE,EQ,1032.9,1030.05,1051.5,1022.0,1043.75,1044.0,1043.41,1204328,1256609734.25,40695,392520,32.59,2018-06-12,6,2018,1256607878.48,1.0746442056346117,Positive
13-Jun-2018,MINDTREE,EQ,1044.0,1048.95,1053.0,1024.2,1030.5,1028.75,1039.73,1007461,1047483577.9,28215,393971,39.11,2018-06-13,6,2018,1047487425.53,-1.460727969348663,Negative
14-Jun-2018,MINDTREE,EQ,1028.75,1020.05,1023.4,985.1,994.05,992.75,995.31,2227827,2217374127.85,69585,541951,24.33,2018-06-14,6,2018,2217378491.37,-3.49939246658566,Among Top Losers
15-Jun-2018,MINDTREE,EQ,992.75,1001.0,1008.95,988.55,1003.6,1002.5,1000.01,1308496,1308512796.95,34175,221932,16.96,2018-06-15,6,2018,1308509084.96,0.9821203727020889,Slight Positive
18-Jun-2018,MINDTREE,EQ,1002.5,1007.95,1008.45,988.0,993.3,991.9,994.77,641852,638496370.6,17580,175460,27.34,2018-06-18,6,2018,638495114.04,-1.05735660847881,Negative
19-Jun-2018,MINDTREE,EQ,991.9,994.0,994.1,973.85,985.1,984.25,980.92,906317,889023203.15,23270,241267,26.62,2018-06-19,6,2018,889024471.64,-0.7712471015223321,Slight Negative
20-Jun-2018,MINDTREE,EQ,984.25,989.95,1004.75,979.4,995.1,996.2,996.55,987342,983933393.75,33862,241152,24.42,2018-06-20,6,2018,983935670.0999999,1.214122428244857,Positive
21-Jun-2018,MINDTREE,EQ,996.2,998.0,1009.95,980.35,988.7,989.85,998.92,1007610,1006519962.85,26613,159170,15.8,2018-06-21,6,2018,1006521781.1999999,-0.6374222043766364,Slight Negative
22-Jun-2018,MINDTREE,EQ,989.85,992.9,994.0,976.75,986.15,983.85,982.52,615604,604846126.75,21395,152404,24.76,2018-06-22,6,2018,604843242.08,-0.6061524473405022,Slight Negative
25-Jun-2018,MINDTREE,EQ,983.85,985.85,986.35,946.7,953.15,953.2,964.12,1366241,1317215671.05,35789,455097,33.31,2018-06-25,6,2018,1317220272.92,-3.115312293540684,Among Top Losers
26-Jun-2018,MINDTREE,EQ,953.2,952.0,972.5,916.55,970.75,967.05,940.55,2224769,2092515285.5,57383,369188,16.59,2018-06-26,6,2018,2092506482.9499998,1.4530004196390944,Positive
27-Jun-2018,MINDTREE,EQ,967.05,973.7,986.6,945.35,970.6,973.15,967.63,2198459,2127296901.45,52100,377381,17.17,2018-06-27,6,2018,2127294882.17,0.6307843441393901,Slight Positive
28-Jun-2018,MINDTREE,EQ,973.15,971.0,979.8,949.05,957.9,953.0,961.03,1169352,1123785926.95,24341,217235,18.58,2018-06-28,6,2018,1123782352.56,-2.0705954888763256,Negative
29-Jun-2018,MINDTREE,EQ,953.0,958.05,994.8,958.05,986.35,986.9,976.8,1049747,1025393811.6,29800,251269,23.94,2018-06-29,6,2018,1025392869.5999999,3.5571878279118563,Among Top Gainers
02-Jul-2018,MINDTREE,EQ,986.9,993.0,998.4,979.5,990.25,991.15,989.11,964096,953600878.65,20506,262388,27.22,2018-07-02,7,2018,953596994.5600001,0.43064140237105697,No Change
03-Jul-2018,MINDTREE,EQ,991.15,985.15,1008.8,981.1,1006.7,1004.55,994.65,898479,893669233.4,27096,185637,20.66,2018-07-03,7,2018,893672137.35,1.3519648892700298,Positive
04-Jul-2018,MINDTREE,EQ,1004.55,1009.75,1016.2,1001.2,1006.5,1008.25,1009.0,789424,796531690.25,20644,72084,9.13,2018-07-04,7,2018,796528816.0,0.36832412523020164,No Change
05-Jul-2018,MINDTREE,EQ,1008.25,1020.6,1020.95,984.95,1006.65,998.7,998.35,1052202,1050464222.85,35798,372004,35.35,2018-07-05,7,2018,1050465866.7,-0.9471857178279142,Slight Negative
06-Jul-2018,MINDTREE,EQ,998.7,1002.0,1005.0,983.0,991.85,993.45,991.66,733238,727125362.15,27103,198028,27.01,2018-07-06,7,2018,727122795.0799999,-0.5256833884049295,Slight Negative
09-Jul-2018,MINDTREE,EQ,993.45,1001.7,1019.5,988.0,1018.2,1011.95,1000.67,993618,994278771.35,27346,358804,36.11,2018-07-09,7,2018,994283724.06,1.862197392923659,Positive
10-Jul-2018,MINDTREE,EQ,1011.95,1016.0,1052.0,1016.0,1038.5,1036.3,1041.22,1776116,1849331762.45,52569,334025,18.81,2018-07-10,7,2018,1849327501.52,2.406245367854143,Positive
11-Jul-2018,MINDTREE,EQ,1036.3,1041.85,1068.7,1024.0,1043.05,1048.35,1052.64,3249608,3420662845.3,69675,840238,25.86,2018-07-11,7,2018,3420667365.1200004,1.1627906976744207,Positive
12-Jul-2018,MINDTREE,EQ,1048.35,1054.3,1082.4,1032.85,1078.0,1076.85,1058.08,2124658,2248067323.45,47812,535435,25.2,2018-07-12,7,2018,2248058136.64,2.7185577335813393,Positive
13-Jul-2018,MINDTREE,EQ,1076.85,1080.0,1091.7,1052.25,1066.2,1066.8,1071.78,2359391,2528747260.95,56616,446335,18.92,2018-07-13,7,2018,2528748085.98,-0.9332776152667477,Slight Negative
16-Jul-2018,MINDTREE,EQ,1066.8,1065.0,1087.0,1052.1,1084.0,1080.65,1075.76,1737976,1869640095.7,45255,541039,31.13,2018-07-16,7,2018,1869645061.76,1.298275215598066,Positive
17-Jul-2018,MINDTREE,EQ,1080.65,1084.0,1093.5,1066.1,1082.0,1081.0,1079.49,2392150,2582301422.95,54838,785482,32.84,2018-07-17,7,2018,2582302003.5,0.03238791468096469,No Change
18-Jul-2018,MINDTREE,EQ,1081.0,1086.0,1099.9,1045.0,1058.15,1061.8,1076.98,3014790,3246876223.0,70234,535141,17.75,2018-07-18,7,2018,3246868534.2000003,-1.776133209990749,Negative
19-Jul-2018,MINDTREE,EQ,1061.8,1046.0,1053.25,932.35,979.6,971.15,970.37,13385207,12988663288.35,291502,1978277,14.78,2018-07-19,7,2018,12988603316.59,-8.537389338858537,Bear Drop
20-Jul-2018,MINDTREE,EQ,971.15,974.9,1004.9,971.3,972.6,976.85,987.07,5575914,5503826063.15,108096,1338407,24.0,2018-07-20,7,2018,5503817431.9800005,0.5869330175565013,Slight Positive
23-Jul-2018,MINDTREE,EQ,976.85,979.0,986.2,934.45,954.0,959.7,952.32,2253510,2146052106.35,49637,421122,18.69,2018-07-23,7,2018,2146062643.2,-1.7556431386599791,Negative
24-Jul-2018,MINDTREE,EQ,959.7,957.1,989.95,949.55,968.0,970.4,974.11,2108627,2054025197.25,64903,494306,23.44,2018-07-24,7,2018,2054034646.97,1.1149317495050548,Positive
25-Jul-2018,MINDTREE,EQ,970.4,971.0,980.5,950.0,951.5,957.4,965.24,1469299,1418223838.75,50517,401428,27.32,2018-07-25,7,2018,1418226166.76,-1.3396537510305007,Negative
26-Jul-2018,MINDTREE,EQ,957.4,954.0,958.95,941.0,947.0,947.25,948.19,1358221,1287848265.4,23252,418188,30.79,2018-07-26,7,2018,1287851569.99,-1.0601629412993474,Negative
27-Jul-2018,MINDTREE,EQ,947.25,948.0,954.05,935.0,937.0,938.05,943.97,1020257,963090046.45,29163,212899,20.87,2018-07-27,7,2018,963092000.2900001,-0.971232515175513,Slight Negative
30-Jul-2018,MINDTREE,EQ,938.05,940.0,942.4,911.7,914.5,915.5,920.84,1340951,1234802719.5,39731,232730,17.36,2018-07-30,7,2018,1234801318.8400002,-2.403923031821331,Negative
31-Jul-2018,MINDTREE,EQ,915.5,915.7,937.9,907.5,934.05,932.3,924.46,1145078,1058582216.75,32596,219799,19.2,2018-07-31,7,2018,1058578807.88,1.8350628072091757,Positive
01-Aug-2018,MINDTREE,EQ,932.3,934.35,958.0,934.25,955.0,954.9,949.8,1316554,1250464076.5,29784,304657,23.14,2018-08-01,8,2018,1250462989.2,2.4241124101683997,Positive
02-Aug-2018,MINDTREE,EQ,954.9,955.05,969.0,943.8,947.0,952.55,958.97,1243826,1192788848.5,29076,321284,25.83,2018-08-02,8,2018,1192791819.22,-0.24609906796523306,No Change
03-Aug-2018,MINDTREE,EQ,952.55,954.5,964.9,949.0,958.9,958.9,957.79,745682,714208976.3,16887,217638,29.19,2018-08-03,8,2018,714206762.78,0.6666316728780597,Slight Positive
06-Aug-2018,MINDTREE,EQ,958.9,959.0,967.0,950.0,951.85,954.35,956.58,685670,655900951.7,17491,104515,15.24,2018-08-06,8,2018,655898208.6,-0.47450203358013754,No Change
07-Aug-2018,MINDTREE,EQ,954.35,955.0,957.9,940.8,946.35,948.05,948.26,762140,722703551.3,16980,135539,17.78,2018-08-07,8,2018,722706876.4,-0.6601351705349257,Slight Negative
08-Aug-2018,MINDTREE,EQ,948.05,955.0,969.0,945.15,960.05,961.25,961.64,1108558,1066028283.45,29568,117027,10.56,2018-08-08,8,2018,1066033715.12,1.3923316280787024,Positive
09-Aug-2018,MINDTREE,EQ,961.25,960.15,961.45,937.8,946.2,945.6,947.9,520026,492930529.2,17123,116127,22.33,2018-08-09,8,2018,492932645.4,-1.6280884265279516,Negative
10-Aug-2018,MINDTREE,EQ,945.6,947.2,963.0,947.2,954.15,952.0,955.33,803568,767676513.65,19542,93623,11.65,2018-08-10,8,2018,767672617.44,0.6768189509306133,Slight Positive
13-Aug-2018,MINDTREE,EQ,952.0,947.05,987.9,947.05,986.0,982.9,976.72,1586103,1549176984.7,32601,296700,18.71,2018-08-13,8,2018,1549178522.16,3.2457983193277196,Among Top Gainers
14-Aug-2018,MINDTREE,EQ,982.9,988.9,1015.0,982.0,1013.0,1009.75,1003.95,1934802,1942447037.3,42303,391892,20.25,2018-08-14,8,2018,1942444467.9,2.7317122799877858,Positive
16-Aug-2018,MINDTREE,EQ,1009.75,1008.5,1055.0,1007.0,1040.15,1039.85,1039.34,2437936,2533856213.6,66671,545325,22.37,2018-08-16,8,2018,2533844402.24,2.9809358752166393,Positive
17-Aug-2018,MINDTREE,EQ,1039.85,1040.65,1049.25,1013.4,1029.9,1028.9,1026.88,1527741,1568799907.9,52004,436210,28.55,2018-08-17,8,2018,1568806678.0800002,-1.0530364956483962,Negative
20-Aug-2018,MINDTREE,EQ,1028.9,1028.0,1042.6,1020.55,1037.0,1036.5,1032.82,775260,800707341.4,21667,107832,13.91,2018-08-20,8,2018,800704033.1999999,0.7386529303139211,Slight Positive
21-Aug-2018,MINDTREE,EQ,1036.5,1044.0,1056.8,1027.35,1034.6,1037.8,1043.73,1328197,1386281189.3,31415,209457,15.77,2018-08-21,8,2018,1386279054.81,0.125422093584171,No Change
23-Aug-2018,MINDTREE,EQ,1037.8,1037.95,1048.8,1030.2,1041.0,1038.95,1038.39,819502,850964626.65,23768,267951,32.7,2018-08-23,8,2018,850962681.7800001,0.11081133166315205,No Change
24-Aug-2018,MINDTREE,EQ,1038.95,1041.0,1042.0,1008.0,1013.6,1013.3,1018.72,1276706,1300612247.4,31010,247149,19.36,2018-08-24,8,2018,1300605936.32,-2.4688387314115268,Negative
27-Aug-2018,MINDTREE,EQ,1013.3,1019.0,1054.0,1015.25,1051.95,1050.05,1037.8,1345331,1396187851.35,33441,409165,30.41,2018-08-27,8,2018,1396184511.8,3.626764038290742,Among Top Gainers
28-Aug-2018,MINDTREE,EQ,1050.05,1050.0,1064.0,1033.25,1037.15,1038.65,1047.65,1213587,1271419327.1,45641,220435,18.16,2018-08-28,8,2018,1271414420.5500002,-1.085662587495817,Negative
29-Aug-2018,MINDTREE,EQ,1038.65,1037.95,1041.6,1024.0,1038.0,1035.15,1033.36,994497,1027672167.7,22215,446744,44.92,2018-08-29,8,2018,1027673419.92,-0.33697588215472196,No Change
30-Aug-2018,MINDTREE,EQ,1035.15,1034.0,1059.9,1033.4,1054.0,1052.05,1050.56,1630536,1712976631.6,34192,332459,20.39,2018-08-30,8,2018,1712975900.1599998,1.6326136308747463,Positive
31-Aug-2018,MINDTREE,EQ,1052.05,1055.0,1118.0,1055.0,1116.0,1114.7,1092.14,2986418,3261601098.75,72154,368849,12.35,2018-08-31,8,2018,3261586554.5200005,5.955040159688241,Among Top Gainers
03-Sep-2018,MINDTREE,EQ,1114.7,1127.0,1156.7,1095.3,1108.05,1100.55,1134.84,4400570,4993953789.55,95206,812137,18.46,2018-09-03,9,2018,4993942858.799999,-1.2693998385215788,Negative
04-Sep-2018,MINDTREE,EQ,1100.55,1109.4,1139.0,1100.15,1124.7,1117.95,1123.88,2942441,3306941840.4,65094,201792,6.86,2018-09-04,9,2018,3306950591.0800004,1.5810276679842028,Positive
05-Sep-2018,MINDTREE,EQ,1117.95,1126.0,1157.55,1110.55,1152.2,1150.9,1133.98,2485465,2818469281.0,61008,208547,8.39,2018-09-05,9,2018,2818467600.7,2.9473590053222365,Positive
06-Sep-2018,MINDTREE,EQ,1150.9,1157.0,1165.95,1131.5,1155.1,1158.0,1152.2,1964650,2263669326.6,47848,168422,8.57,2018-09-06,9,2018,2263669730.0,0.6169085063862934,Slight Positive
07-Sep-2018,MINDTREE,EQ,1158.0,1155.0,1174.9,1146.0,1160.1,1161.95,1162.86,1670124,1942123546.05,34893,278129,16.65,2018-09-07,9,2018,1942120394.6399999,0.341105354058735,No Change
10-Sep-2018,MINDTREE,EQ,1161.95,1160.0,1176.95,1138.3,1145.0,1146.65,1160.04,1347238,1562847795.05,31771,204841,15.2,2018-09-10,9,2018,1562849969.52,-1.3167520117044584,Negative
11-Sep-2018,MINDTREE,EQ,1146.65,1146.65,1183.8,1145.35,1166.0,1161.3,1167.48,2948977,3442860081.55,56908,701037,23.77,2018-09-11,9,2018,3442871667.96,1.277634849343734,Positive
12-Sep-2018,MINDTREE,EQ,1161.3,1165.0,1173.45,1134.4,1147.5,1146.25,1157.08,1476368,1708270357.35,39960,209997,14.22,2018-09-12,9,2018,1708275885.4399998,-1.295961422543701,Negative
14-Sep-2018,MINDTREE,EQ,1146.25,1150.0,1152.0,1122.3,1148.15,1144.35,1135.11,1073282,1218293868.95,26996,142664,13.29,2018-09-14,9,2018,1218293131.02,-0.16575790621592423,No Change
17-Sep-2018,MINDTREE,EQ,1144.35,1149.7,1171.0,1147.8,1155.0,1152.3,1161.66,1137183,1321018414.5,28250,105628,9.29,2018-09-17,9,2018,1321020003.7800002,0.6947175252326687,Slight Positive
18-Sep-2018,MINDTREE,EQ,1152.3,1156.0,1160.7,1137.5,1151.55,1147.45,1149.27,855169,982824160.65,22914,115929,13.56,2018-09-18,9,2018,982820076.63,-0.4208973357632484,No Change
19-Sep-2018,MINDTREE,EQ,1147.45,1152.4,1154.9,1105.05,1125.0,1120.35,1127.6,880114,992413609.25,23994,220254,25.03,2018-09-19,9,2018,992416546.4,-2.361758682295534,Negative
21-Sep-2018,MINDTREE,EQ,1120.35,1123.0,1128.4,1040.5,1105.05,1086.2,1091.24,1606638,1753221654.65,44453,581957,36.22,2018-09-21,9,2018,1753227651.1200001,-3.0481545945463373,Among Top Losers
24-Sep-2018,MINDTREE,EQ,1086.2,1080.0,1110.8,1067.05,1073.0,1072.9,1082.09,980604,1061103315.95,26442,226656,23.11,2018-09-24,9,2018,1061101782.3599999,-1.224452218744243,Negative
25-Sep-2018,MINDTREE,EQ,1072.9,1075.0,1096.4,1055.0,1094.0,1086.85,1077.49,794183,855724513.55,23711,227294,28.62,2018-09-25,9,2018,855724240.67,1.3002143722620874,Positive
26-Sep-2018,MINDTREE,EQ,1086.85,1090.05,1095.0,1040.55,1078.95,1073.6,1064.75,998236,1062869577.9,26274,228570,22.9,2018-09-26,9,2018,1062871781.0,-1.2191194737084188,Negative
27-Sep-2018,MINDTREE,EQ,1073.6,1075.0,1077.5,1047.25,1055.0,1052.35,1058.11,715041,756588788.75,20305,195874,27.39,2018-09-27,9,2018,756592032.5099999,-1.9793219076005952,Negative
28-Sep-2018,MINDTREE,EQ,1052.35,1055.0,1058.65,1011.0,1030.0,1033.25,1030.57,1373849,1415845229.35,44250,407604,29.67,2018-09-28,9,2018,1415847563.9299998,-1.8149855086235456,Negative
01-Oct-2018,MINDTREE,EQ,1033.25,1025.1,1092.55,1016.0,1075.6,1071.8,1063.0,1384039,1471227780.2,50910,304274,21.98,2018-10-01,10,2018,1471233457.0,3.73094604403581,Among Top Gainers
03-Oct-2018,MINDTREE,EQ,1071.8,1089.4,1099.0,1060.0,1070.65,1073.35,1081.96,1314309,1422032231.15,46917,313429,23.85,2018-10-03,10,2018,1422029765.64,0.1446165329352489,No Change
04-Oct-2018,MINDTREE,EQ,1073.35,1064.8,1083.85,1048.8,1056.95,1063.35,1065.14,716518,763190504.35,21368,109002,15.21,2018-10-04,10,2018,763191982.5200001,-0.9316625518237309,Slight Negative
05-Oct-2018,MINDTREE,EQ,1063.35,1054.15,1076.0,1033.3,1037.0,1040.65,1057.37,715895,756963968.85,22039,155044,21.66,2018-10-05,10,2018,756965896.15,-2.1347627780128664,Negative
08-Oct-2018,MINDTREE,EQ,1040.65,1032.0,1049.65,974.15,997.0,998.35,1006.54,1138316,1145755340.4,34154,242171,21.27,2018-10-08,10,2018,1145760586.6399999,-4.064767212799703,Among Top Losers
09-Oct-2018,MINDTREE,EQ,998.35,997.0,1027.0,979.4,1005.0,1009.7,1002.27,1024000,1026329532.95,38989,181298,17.7,2018-10-09,10,2018,1026324480.0,1.1368758451444805,Positive
10-Oct-2018,MINDTREE,EQ,1009.7,996.0,1029.1,985.0,1007.0,1005.05,1006.94,771715,777069027.7,22838,136721,17.72,2018-10-10,10,2018,777070702.1,-0.4605328315341328,No Change
11-Oct-2018,MINDTREE,EQ,1005.05,935.05,1011.7,935.05,978.0,980.55,983.28,1112338,1093739436.65,34235,172125,15.47,2018-10-11,10,2018,1093739708.6399999,-2.4376896671807424,Negative
12-Oct-2018,MINDTREE,EQ,980.55,985.0,1000.0,941.2,958.0,953.25,967.86,1323286,1280752137.15,37371,242887,18.35,2018-10-12,10,2018,1280755587.96,-2.784151751567998,Negative
15-Oct-2018,MINDTREE,EQ,953.25,962.95,989.8,956.0,982.0,980.7,976.6,907803,886562595.25,18285,260798,28.73,2018-10-15,10,2018,886560409.8000001,2.879622344610544,Positive
16-Oct-2018,MINDTREE,EQ,980.7,986.0,1001.85,973.6,980.6,984.8,990.43,919589,910788200.95,27954,199029,21.64,2018-10-16,10,2018,910788533.27,0.4180687264198957,No Change
17-Oct-2018,MINDTREE,EQ,984.8,999.95,999.95,952.25,981.3,977.95,972.65,1512677,1471304426.4,33535,220340,14.57,2018-10-17,10,2018,1471305284.05,-0.6955727051177862,Slight Negative
19-Oct-2018,MINDTREE,EQ,977.95,925.0,927.8,801.1,819.3,813.9,834.85,8893142,7424441362.6,311806,1587361,17.85,2018-10-19,10,2018,7424439598.7,-16.774886241627907,Bear Drop
22-Oct-2018,MINDTREE,EQ,813.9,819.25,827.2,780.0,806.5,802.6,794.56,5198199,4130259413.6,145092,1426999,27.45,2018-10-22,10,2018,4130280997.4399996,-1.388376950485315,Negative
23-Oct-2018,MINDTREE,EQ,802.6,810.0,820.0,795.65,810.95,809.4,808.76,2052512,1659985125.25,53597,359058,17.49,2018-10-23,10,2018,1659989605.12,0.8472464490406173,Slight Positive
24-Oct-2018,MINDTREE,EQ,809.4,815.0,823.8,787.15,802.45,805.5,800.86,2223910,1781029823.85,52696,352061,15.83,2018-10-24,10,2018,1781040562.6000001,-0.48183839881393853,No Change
25-Oct-2018,MINDTREE,EQ,805.5,782.0,797.9,766.0,779.0,779.7,780.44,1910519,1491044643.5,43831,517859,27.11,2018-10-25,10,2018,1491045448.3600001,-3.2029795158286745,Among Top Losers
26-Oct-2018,MINDTREE,EQ,779.7,787.95,787.95,752.15,773.05,770.95,766.51,1332529,1021400553.95,30972,530136,39.78,2018-10-26,10,2018,1021396803.79,-1.1222264973707818,Negative
29-Oct-2018,MINDTREE,EQ,770.95,780.0,785.45,760.1,777.7,777.7,776.93,1245731,967847063.6,31728,393979,31.63,2018-10-29,10,2018,967845785.8299999,0.8755431610350861,Slight Positive
30-Oct-2018,MINDTREE,EQ,777.7,778.0,792.25,768.05,785.15,786.15,782.38,2220031,1736916429.35,48471,942997,42.48,2018-10-30,10,2018,1736907853.78,1.0865372251510852,Positive
31-Oct-2018,MINDTREE,EQ,786.15,794.0,859.9,793.0,855.0,850.85,830.48,2718167,2257375004.2,77643,509677,18.75,2018-10-31,10,2018,2257383330.16,8.229981555682752,Bull run
01-Nov-2018,MINDTREE,EQ,850.85,861.0,861.0,821.15,830.55,827.1,834.5,1200947,1002189938.3,45394,229345,19.1,2018-11-01,11,2018,1002190271.5,-2.7913263207380856,Negative
02-Nov-2018,MINDTREE,EQ,827.1,838.0,844.8,800.1,803.5,803.95,825.52,1562276,1289696476.3,50229,466704,29.87,2018-11-02,11,2018,1289690083.52,-2.7989360415910935,Negative
05-Nov-2018,MINDTREE,EQ,803.95,790.7,825.5,787.1,823.5,821.85,813.94,1363257,1109603364.25,41150,161838,11.87,2018-11-05,11,2018,1109609402.5800002,2.2265066235462427,Positive
06-Nov-2018,MINDTREE,EQ,821.85,824.95,841.4,819.5,831.6,834.6,832.41,1291465,1075027869.0,34733,476202,36.87,2018-11-06,11,2018,1075028380.6499999,1.5513779886840773,Positive
07-Nov-2018,MINDTREE,EQ,834.6,839.0,840.7,830.0,835.0,836.6,837.22,98291,82290730.0,4216,15053,15.31,2018-11-07,11,2018,82291191.02,0.23963575365444356,No Change
09-Nov-2018,MINDTREE,EQ,836.6,830.0,867.0,830.0,853.85,854.3,854.28,1432318,1223600142.25,45762,421156,29.4,2018-11-09,11,2018,1223600621.04,2.1157064307912865,Positive
12-Nov-2018,MINDTREE,EQ,854.3,859.0,869.8,846.1,862.9,863.4,858.89,993623,853415121.75,32116,271032,27.28,2018-11-12,11,2018,853412858.47,1.0651995786023605,Positive
13-Nov-2018,MINDTREE,EQ,863.4,861.5,868.0,837.0,845.0,843.75,849.58,651556,553550932.45,26359,131469,20.18,2018-11-13,11,2018,553548946.48,-2.275886031966645,Negative
14-Nov-2018,MINDTREE,EQ,843.75,844.95,851.6,831.9,840.0,846.75,840.76,800201,672777598.25,25432,177711,22.21,2018-11-14,11,2018,672776992.76,0.3555555555555534,No Change
15-Nov-2018,MINDTREE,EQ,846.75,835.05,851.45,832.6,839.85,840.4,841.77,635572,535006607.5,22596,104367,16.42,2018-11-15,11,2018,535005442.44,-0.7499261883672892,Slight Negative
16-Nov-2018,MINDTREE,EQ,840.4,840.0,854.5,831.0,837.0,837.4,839.52,960984,806768479.95,27146,390309,40.62,2018-11-16,11,2018,806765287.68,-0.35697287006187794,No Change
19-Nov-2018,MINDTREE,EQ,837.4,846.0,853.0,839.15,844.9,848.7,847.55,610680,517581140.6,25704,97206,15.92,2018-11-19,11,2018,517581834.0,1.3494148555051488,Positive
20-Nov-2018,MINDTREE,EQ,848.7,848.7,854.2,835.0,835.5,836.5,841.14,1043524,877754563.25,36386,256175,24.55,2018-11-20,11,2018,877749777.36,-1.437492635795934,Negative
21-Nov-2018,MINDTREE,EQ,836.5,838.0,838.05,805.1,836.0,830.4,817.33,1895611,1549333964.05,61329,424479,22.39,2018-11-21,11,2018,1549339738.63,-0.7292289300657506,Slight Negative
22-Nov-2018,MINDTREE,EQ,830.4,830.4,854.7,823.0,830.0,828.85,841.8,1466895,1234829858.95,33963,216167,14.74,2018-11-22,11,2018,1234832211.0,-0.18665703275528855,No Change
26-Nov-2018,MINDTREE,EQ,828.85,830.0,843.0,819.0,840.25,837.1,831.17,933348,775773200.7,26318,143435,15.37,2018-11-26,11,2018,775770857.16,0.995355009953558,Slight Positive
27-Nov-2018,MINDTREE,EQ,837.1,842.0,848.0,820.0,824.0,824.1,827.69,1220238,1009984085.7,46974,535631,43.9,2018-11-27,11,2018,1009978790.22,-1.5529805280133813,Negative
28-Nov-2018,MINDTREE,EQ,824.1,827.0,881.1,822.35,871.0,874.75,853.78,2305804,1968646325.35,57478,551698,23.93,2018-11-28,11,2018,1968649339.12,6.146098774420583,Among Top Gainers
29-Nov-2018,MINDTREE,EQ,874.75,876.0,877.95,845.2,852.0,850.1,856.44,2045062,1751474159.3,49848,720635,35.24,2018-11-29,11,2018,1751472899.2800002,-2.8179479851386136,Negative
30-Nov-2018,MINDTREE,EQ,850.1,855.0,884.0,848.0,880.0,876.65,867.24,1519665,1317914700.8,36413,325576,21.42,2018-11-30,11,2018,1317914274.6,3.123161980943423,Among Top Gainers
03-Dec-2018,MINDTREE,EQ,876.65,883.9,897.55,865.0,894.5,893.45,881.78,1287294,1135112617.9,27562,184053,14.3,2018-12-03,12,2018,1135110103.32,1.916386243084478,Positive
04-Dec-2018,MINDTREE,EQ,893.45,894.5,899.8,880.85,882.75,885.35,890.37,1157865,1030928025.3,37211,223697,19.32,2018-12-04,12,2018,1030928260.05,-0.9065980189154388,Slight Negative
05-Dec-2018,MINDTREE,EQ,885.35,882.0,883.9,864.6,872.9,871.15,871.61,701305,611267261.85,23036,156442,22.31,2018-12-05,12,2018,611264451.05,-1.6038854690235582,Negative
06-Dec-2018,MINDTREE,EQ,871.15,869.0,911.95,843.0,861.0,861.3,872.01,4125356,3597338157.35,104052,804251,19.5,2018-12-06,12,2018,3597351685.56,-1.1306893187166378,Negative
07-Dec-2018,MINDTREE,EQ,861.3,862.0,875.0,845.05,863.4,867.65,861.01,1096535,944127672.5,34084,229422,20.92,2018-12-07,12,2018,944127600.35,0.7372576338093628,Slight Positive
10-Dec-2018,MINDTREE,EQ,867.65,856.0,872.25,843.9,851.5,858.1,857.8,821259,704473102.45,23779,68764,8.37,2018-12-10,12,2018,704475970.1999999,-1.1006742350025855,Negative
11-Dec-2018,MINDTREE,EQ,858.1,842.2,874.65,842.2,860.85,861.75,864.13,748458,646764429.35,21555,100989,13.49,2018-12-11,12,2018,646765011.54,0.42535834984267495,No Change
12-Dec-2018,MINDTREE,EQ,861.75,862.0,895.5,861.25,877.0,880.65,879.21,1066840,937975449.3,25408,171395,16.07,2018-12-12,12,2018,937976396.4000001,2.193211488250646,Positive
13-Dec-2018,MINDTREE,EQ,880.65,882.0,889.15,852.35,854.0,858.8,867.1,1043497,904817134.7,43986,282354,27.06,2018-12-13,12,2018,904816248.7,-2.481121898597627,Negative
14-Dec-2018,MINDTREE,EQ,858.8,860.0,873.3,850.0,865.0,867.9,864.25,956017,826241192.9,33018,142413,14.9,2018-12-14,12,2018,826237692.25,1.0596180717279857,Positive
17-Dec-2018,MINDTREE,EQ,867.9,870.0,874.0,856.6,868.0,870.05,865.92,497718,430981850.2,18576,73523,14.77,2018-12-17,12,2018,430983970.56,0.24772439221107945,No Change
18-Dec-2018,MINDTREE,EQ,870.05,860.0,867.05,841.6,847.0,846.6,847.53,1634661,1385424413.2,48629,445745,27.27,2018-12-18,12,2018,1385424237.33,-2.6952473995747295,Negative
19-Dec-2018,MINDTREE,EQ,846.6,850.0,861.6,827.3,849.8,850.1,842.08,1987778,1673871882.25,70188,429485,21.61,2018-12-19,12,2018,1673868098.24,0.4134183793999435,No Change
20-Dec-2018,MINDTREE,EQ,850.1,849.0,859.3,841.35,850.0,850.05,851.13,996549,848189114.65,22939,273902,27.49,2018-12-20,12,2018,848192750.37,-0.00588166098106635,No Change
21-Dec-2018,MINDTREE,EQ,850.05,850.35,866.2,840.1,847.0,845.6,854.63,1601801,1368955192.5,38063,324117,20.23,2018-12-21,12,2018,1368947188.6299999,-0.5234986177283574,Slight Negative
24-Dec-2018,MINDTREE,EQ,845.6,848.8,856.9,834.15,836.35,837.7,844.58,690775,583416544.8,22720,111963,16.21,2018-12-24,12,2018,583414749.5,-0.9342478713339597,Slight Negative
26-Dec-2018,MINDTREE,EQ,837.7,839.0,859.85,818.0,855.05,854.05,835.99,1128860,943715887.0,26303,203751,18.05,2018-12-26,12,2018,943715671.4,1.9517727109943817,Positive
27-Dec-2018,MINDTREE,EQ,854.05,859.35,872.9,853.0,863.8,861.85,865.28,1251109,1082557151.45,24687,157002,12.55,2018-12-27,12,2018,1082559595.52,0.9132954745038502,Slight Positive
28-Dec-2018,MINDTREE,EQ,861.85,863.0,869.0,858.05,865.2,864.1,863.7,420544,363225727.25,7846,49437,11.76,2018-12-28,12,2018,363223852.8,0.26106631084295007,No Change
31-Dec-2018,MINDTREE,EQ,864.1,870.0,871.7,861.55,864.0,864.5,866.31,317152,274752852.65,11757,61520,19.4,2018-12-31,12,2018,274751949.12,0.04629093854877642,No Change
01-Jan-2019,MINDTREE,EQ,864.5,864.0,867.1,853.4,863.15,863.4,861.25,399996,344498215.7,7996,27003,6.75,2019-01-01,1,2019,344496555.0,-0.1272411798727613,No Change
02-Jan-2019,MINDTREE,EQ,863.4,858.0,878.0,857.2,859.0,860.5,870.52,892157,776640527.3,19259,84733,9.5,2019-01-02,1,2019,776640511.64,-0.3358813991197529,No Change
03-Jan-2019,MINDTREE,EQ,860.5,861.15,865.0,824.35,834.3,834.8,848.07,908897,770806819.25,53508,305402,33.6,2019-01-03,1,2019,770808278.7900001,-2.9866356769320257,Negative
04-Jan-2019,MINDTREE,EQ,834.8,832.1,841.0,792.25,815.45,815.0,808.81,3507785,2837148675.45,87843,508263,14.49,2019-01-04,1,2019,2837131585.85,-2.371825586966936,Negative
07-Jan-2019,MINDTREE,EQ,815.0,819.0,839.7,816.3,835.0,835.35,830.24,1238344,1028123882.5,30168,232461,18.77,2019-01-07,1,2019,1028122722.5600001,2.4969325153374244,Positive
08-Jan-2019,MINDTREE,EQ,835.35,836.0,837.05,819.2,820.15,821.2,823.73,943753,777398922.5,31919,198595,21.04,2019-01-08,1,2019,777397658.69,-1.693900760160405,Negative
09-Jan-2019,MINDTREE,EQ,821.2,825.0,839.0,820.1,823.5,823.45,828.8,1108871,919036770.1,27750,170503,15.38,2019-01-09,1,2019,919032284.8,0.2739892839746627,No Change
10-Jan-2019,MINDTREE,EQ,823.45,823.5,827.0,810.0,812.95,812.25,815.31,1017956,829946346.65,25853,287171,28.21,2019-01-10,1,2019,829949706.3599999,-1.360131155504285,Negative
11-Jan-2019,MINDTREE,EQ,812.25,810.0,836.0,794.4,834.0,832.0,812.81,2625463,2133990113.95,51260,435348,16.58,2019-01-11,1,2019,2134002581.03,2.4315173899661424,Positive
14-Jan-2019,MINDTREE,EQ,832.0,838.0,857.85,830.0,853.3,853.15,843.66,2309396,1948339181.05,51144,330892,14.33,2019-01-14,1,2019,1948345029.36,2.5420673076923084,Positive
15-Jan-2019,MINDTREE,EQ,853.15,847.3,863.0,842.8,855.35,854.5,854.82,1598604,1366511335.75,41003,183911,11.5,2019-01-15,1,2019,1366518671.28,0.15823712125653255,No Change
16-Jan-2019,MINDTREE,EQ,854.5,855.0,863.0,835.0,835.05,841.2,846.95,2437761,2064666750.35,59154,589109,24.17,2019-01-16,1,2019,2064661678.95,-1.556465769455817,Negative
17-Jan-2019,MINDTREE,EQ,841.2,843.95,873.3,821.7,866.0,867.85,856.97,10222282,8760163793.55,204114,779243,7.62,2019-01-17,1,2019,8760189005.54,3.168093200190203,Among Top Gainers
18-Jan-2019,MINDTREE,EQ,867.85,868.0,892.2,853.95,888.9,887.0,877.84,4875592,4279966984.4,100627,523711,10.74,2019-01-18,1,2019,4279989681.28,2.206602523477552,Positive
21-Jan-2019,MINDTREE,EQ,887.0,895.0,911.7,874.35,879.8,881.75,897.96,4642387,4168684964.75,88113,272532,5.87,2019-01-21,1,2019,4168677830.52,-0.5918827508455515,Slight Negative
22-Jan-2019,MINDTREE,EQ,881.75,883.0,934.0,879.4,930.05,921.1,902.58,3934018,3550770974.9,72468,1058175,26.9,2019-01-22,1,2019,3550765966.44,4.462716189396088,Among Top Gainers
23-Jan-2019,MINDTREE,EQ,921.1,930.0,942.9,902.0,905.0,906.55,923.57,6485855,5990140835.8,115982,965330,14.88,2019-01-23,1,2019,5990141102.35,-1.5796330474432851,Negative
24-Jan-2019,MINDTREE,EQ,906.55,913.8,923.35,906.5,912.05,910.4,911.36,2027003,1847328745.65,42509,214216,10.57,2019-01-24,1,2019,1847329454.08,0.424687000165469,No Change
25-Jan-2019,MINDTREE,EQ,910.4,916.05,925.0,880.8,887.95,886.1,903.83,2686280,2427941236.95,49029,317435,11.82,2019-01-25,1,2019,2427940452.4,-2.669156414762741,Negative
28-Jan-2019,MINDTREE,EQ,886.1,872.0,884.25,856.05,868.15,868.6,870.47,2225129,1936909176.8,53270,322191,14.48,2019-01-28,1,2019,1936908040.63,-1.9749463943121492,Negative
29-Jan-2019,MINDTREE,EQ,868.6,870.0,911.0,866.0,907.35,903.6,890.49,1990949,1772915010.6,46222,283796,14.25,2019-01-29,1,2019,1772920175.01,4.0294727147133225,Among Top Gainers
30-Jan-2019,MINDTREE,EQ,903.6,909.2,919.0,885.1,890.0,890.45,902.76,1661063,1499535579.55,50115,309584,18.64,2019-01-30,1,2019,1499541233.8799999,-1.4552899513058826,Negative
31-Jan-2019,MINDTREE,EQ,890.45,900.0,902.0,880.0,893.9,894.05,892.33,1211981,1081482676.0,26225,146502,12.09,2019-01-31,1,2019,1081487005.73,0.40428996574763953,No Change
01-Feb-2019,MINDTREE,EQ,894.05,894.05,904.0,885.2,904.0,899.65,896.75,803302,720357312.3,17671,201145,25.04,2019-02-01,2,2019,720361068.5,0.6263631787931434,Slight Positive
04-Feb-2019,MINDTREE,EQ,899.65,904.05,906.0,875.05,887.45,889.8,891.78,1004135,895464705.55,23313,121955,12.15,2019-02-04,2,2019,895467510.3,-1.0948702273106181,Negative
05-Feb-2019,MINDTREE,EQ,889.8,887.0,899.9,880.0,889.0,887.9,890.9,636345,566918777.85,13986,64379,10.12,2019-02-05,2,2019,566919760.5,-0.21353113059113804,No Change
06-Feb-2019,MINDTREE,EQ,887.9,889.95,909.75,889.8,894.5,897.3,901.25,1574950,1419418900.95,39305,283203,17.98,2019-02-06,2,2019,1419423687.5,1.0586777790291713,Positive
07-Feb-2019,MINDTREE,EQ,897.3,894.4,906.6,890.0,898.0,899.3,899.42,894663,804674652.7,19844,178957,20.0,2019-02-07,2,2019,804677795.4599999,0.22289089490694636,No Change
08-Feb-2019,MINDTREE,EQ,899.3,893.6,911.0,887.0,889.8,891.55,899.69,1367888,1230669105.1,46512,349813,25.57,2019-02-08,2,2019,1230675154.72,-0.8617813855220757,Slight Negative
11-Feb-2019,MINDTREE,EQ,891.55,891.1,922.0,891.1,920.0,918.05,910.79,2245228,2044926103.45,83424,582792,25.96,2019-02-11,2,2019,2044931210.12,2.9723515226291353,Positive
12-Feb-2019,MINDTREE,EQ,918.05,920.4,928.3,894.0,897.35,900.3,906.73,2255202,2044868295.4,40259,362401,16.07,2019-02-12,2,2019,2044859309.46,-1.9334458907466878,Negative
13-Feb-2019,MINDTREE,EQ,900.3,903.0,908.55,892.35,897.0,896.5,901.67,1109780,1000653748.65,24837,293522,26.45,2019-02-13,2,2019,1000655332.5999999,-0.4220815283794255,No Change
14-Feb-2019,MINDTREE,EQ,896.5,897.95,906.05,888.75,897.0,897.0,896.64,1021400,915824212.3,28166,234787,22.99,2019-02-14,2,2019,915828096.0,0.0557724484104849,No Change
15-Feb-2019,MINDTREE,EQ,897.0,899.0,903.9,889.1,894.7,895.5,896.04,786612,704839502.45,28699,262479,33.37,2019-02-15,2,2019,704835816.48,-0.16722408026755842,No Change
18-Feb-2019,MINDTREE,EQ,895.5,893.0,899.9,864.4,868.8,868.6,877.76,980226,860400006.9,29336,200862,20.49,2019-02-18,2,2019,860403173.76,-3.003908431044111,Among Top Losers
19-Feb-2019,MINDTREE,EQ,868.6,868.0,893.5,859.0,888.0,887.3,882.16,2044293,1803389168.9,37729,576811,28.22,2019-02-19,2,2019,1803393512.8799999,2.1528897075754116,Positive
20-Feb-2019,MINDTREE,EQ,887.3,888.0,907.0,879.0,903.0,903.95,894.38,1332001,1191321623.35,32305,302201,22.69,2019-02-20,2,2019,1191315054.3799999,1.8764792065817826,Positive
21-Feb-2019,MINDTREE,EQ,903.95,906.95,906.95,888.0,898.75,898.8,896.74,1005712,901858268.2,26520,87272,8.68,2019-02-21,2,2019,901862178.88,-0.5697217766469476,Slight Negative
22-Feb-2019,MINDTREE,EQ,898.8,901.0,911.0,893.5,904.0,902.75,902.13,899553,811513361.3,28257,209742,23.32,2019-02-22,2,2019,811513747.89,0.43947485536270925,No Change
25-Feb-2019,MINDTREE,EQ,902.75,909.5,912.9,895.65,905.6,907.75,908.49,1018766,925542475.6,33176,310578,30.49,2019-02-25,2,2019,925538723.34,0.5538631957906492,Slight Positive
26-Feb-2019,MINDTREE,EQ,907.75,899.1,916.2,889.0,905.9,907.25,904.14,1162090,1050687061.95,32012,392208,33.75,2019-02-26,2,2019,1050692052.6,-0.055081244836130416,No Change
27-Feb-2019,MINDTREE,EQ,907.25,910.0,915.9,888.55,897.15,898.7,903.24,1037003,936663542.9,26254,324690,31.31,2019-02-27,2,2019,936662589.72,-0.942408376963344,Slight Negative
28-Feb-2019,MINDTREE,EQ,898.7,902.0,914.55,892.0,911.0,908.8,902.75,723715,653333882.3,17465,336406,46.48,2019-02-28,2,2019,653333716.25,1.123845554690095,Positive
01-Mar-2019,MINDTREE,EQ,908.8,907.7,937.4,907.05,937.0,932.85,925.66,1630708,1509481430.45,32078,553838,33.96,2019-03-01,3,2019,1509481167.28,2.646346830985924,Positive
05-Mar-2019,MINDTREE,EQ,932.85,940.05,940.9,912.2,917.55,915.65,919.16,1251095,1149956086.05,49814,276641,22.11,2019-03-05,3,2019,1149956480.2,-1.8438119740579961,Negative
06-Mar-2019,MINDTREE,EQ,915.65,923.3,926.75,912.7,919.0,917.1,919.41,548075,503905257.6,14360,72805,13.28,2019-03-06,3,2019,503905635.75,0.15835745099110898,No Change
07-Mar-2019,MINDTREE,EQ,917.1,923.25,935.55,915.85,920.0,920.2,925.98,1263678,1170137380.9,24452,234967,18.59,2019-03-07,3,2019,1170140554.44,0.33802202595136777,No Change
08-Mar-2019,MINDTREE,EQ,920.2,920.0,931.65,916.5,919.5,921.7,923.61,685000,632669835.75,20607,149277,21.79,2019-03-08,3,2019,632672850.0,0.16300804173006167,No Change
11-Mar-2019,MINDTREE,EQ,921.7,921.95,933.2,914.4,925.6,927.0,923.74,1046434,966635050.7,24697,137036,13.1,2019-03-11,3,2019,966632943.16,0.5750244114136827,Slight Positive
12-Mar-2019,MINDTREE,EQ,927.0,934.7,936.55,911.6,922.9,917.4,920.21,1184350,1089845105.05,19184,450471,38.04,2019-03-12,3,2019,1089850713.5,-1.035598705501617,Negative
13-Mar-2019,MINDTREE,EQ,917.4,931.0,937.65,918.2,925.5,923.9,926.95,2260365,2095253268.4,41873,595277,26.34,2019-03-13,3,2019,2095245336.75,0.7085240898190515,Slight Positive
14-Mar-2019,MINDTREE,EQ,923.9,934.0,953.0,923.3,952.0,950.1,940.66,2668845,2510473173.15,63860,712123,26.68,2019-03-14,3,2019,2510475737.7,2.835804740772807,Positive
15-Mar-2019,MINDTREE,EQ,950.1,958.95,964.7,940.35,947.4,947.4,949.72,2737367,2599732752.2,59410,610681,22.31,2019-03-15,3,2019,2599732187.2400002,-0.2841806125670976,No Change
18-Mar-2019,MINDTREE,EQ,947.4,969.95,969.95,953.2,963.4,962.5,960.96,2642886,2539708773.3,58138,515322,19.5,2019-03-18,3,2019,2539707730.56,1.5938357610301823,Positive
19-Mar-2019,MINDTREE,EQ,962.5,975.0,976.0,938.15,944.5,943.3,950.01,5497681,5222845003.65,119508,1683770,30.63,2019-03-19,3,2019,5222851926.81,-1.9948051948052048,Negative
20-Mar-2019,MINDTREE,EQ,943.3,945.0,965.5,945.0,953.25,950.65,953.69,3174302,3027302108.45,62734,975745,30.74,2019-03-20,3,2019,3027300074.38,0.7791794763065907,Slight Positive
22-Mar-2019,MINDTREE,EQ,950.65,948.0,948.0,935.05,939.05,939.0,940.86,1451306,1365474192.25,37294,455714,31.4,2019-03-22,3,2019,1365475763.16,-1.225477305001843,Negative
25-Mar-2019,MINDTREE,EQ,939.0,938.8,945.0,934.0,942.0,940.75,939.95,971520,913179840.75,23136,307282,31.63,2019-03-25,3,2019,913180224.0,0.18636847710329363,No Change
26-Mar-2019,MINDTREE,EQ,940.75,945.0,961.1,935.95,944.1,950.5,947.38,2125521,2013667283.95,51833,378087,17.79,2019-03-26,3,2019,2013676084.98,1.0364071219771454,Positive
27-Mar-2019,MINDTREE,EQ,950.5,938.9,949.7,931.0,944.4,943.15,942.08,2185188,2058627318.1,69900,725704,33.21,2019-03-27,3,2019,2058621911.0400002,-0.773277222514468,Slight Negative
28-Mar-2019,MINDTREE,EQ,943.15,943.45,950.6,937.1,941.25,941.25,944.0,772947,729663398.95,24720,217661,28.16,2019-03-28,3,2019,729661968.0,-0.2014525791231514,No Change
29-Mar-2019,MINDTREE,EQ,941.25,942.3,952.0,941.6,944.55,944.5,946.51,1120083,1060172205.2,48107,526245,46.98,2019-03-29,3,2019,1060169760.33,0.3452855245683839,No Change
01-Apr-2019,MINDTREE,EQ,944.5,950.95,954.0,943.65,946.0,944.95,949.38,748695,710798983.3,22076,403628,53.91,2019-04-01,4,2019,710796059.1,0.04764425622023616,No Change
02-Apr-2019,MINDTREE,EQ,944.95,948.9,952.5,945.1,946.7,946.65,949.11,642877,610158666.15,22869,346990,53.97,2019-04-02,4,2019,610160989.47,0.17990369860838573,No Change
03-Apr-2019,MINDTREE,EQ,946.65,949.0,949.5,939.0,942.15,943.8,943.24,727804,686492678.05,20109,409584,56.28,2019-04-03,4,2019,686493844.96,-0.30106163840912803,No Change
04-Apr-2019,MINDTREE,EQ,943.8,943.0,947.0,940.65,944.9,943.5,943.63,626426,591114104.35,17422,324254,51.76,2019-04-04,4,2019,591114366.38,-0.03178639542275041,No Change
05-Apr-2019,MINDTREE,EQ,943.5,944.4,962.75,944.0,953.0,952.95,954.73,1274179,1216490921.9,38399,526743,41.34,2019-04-05,4,2019,1216496916.67,1.0015898251192423,Positive
08-Apr-2019,MINDTREE,EQ,952.95,956.0,964.5,949.15,956.7,957.3,959.08,1233339,1182865933.75,37004,626236,50.78,2019-04-08,4,2019,1182870768.1200001,0.4564772548402152,No Change
09-Apr-2019,MINDTREE,EQ,957.3,958.95,969.5,955.35,961.7,962.2,963.27,1182333,1138901232.3,32062,333345,28.19,2019-04-09,4,2019,1138905908.91,0.5118562624046863,Slight Positive
10-Apr-2019,MINDTREE,EQ,962.2,963.0,975.0,956.0,972.8,970.25,970.43,2078842,2017379671.95,37245,1144744,55.07,2019-04-10,4,2019,2017370642.06,0.8366244024111458,Slight Positive
11-Apr-2019,MINDTREE,EQ,970.25,973.0,979.0,970.3,978.0,976.65,975.39,1115408,1087953066.9,37292,669418,60.02,2019-04-11,4,2019,1087957809.12,0.6596238082968275,Slight Positive
12-Apr-2019,MINDTREE,EQ,976.65,976.0,979.0,971.3,978.8,975.65,975.35,456663,445404417.85,14810,194580,42.61,2019-04-12,4,2019,445406257.05,-0.10239082578200609,No Change
15-Apr-2019,MINDTREE,EQ,975.65,977.0,985.7,972.25,979.6,979.65,979.79,792811,776789180.5,19578,394858,49.8,2019-04-15,4,2019,776788289.6899999,0.40998308819761853,No Change
16-Apr-2019,MINDTREE,EQ,979.65,982.0,987.85,969.1,972.5,972.45,981.16,672044,659382708.9,22297,292359,43.5,2019-04-16,4,2019,659382691.04,-0.7349563619659993,Slight Negative
18-Apr-2019,MINDTREE,EQ,972.45,979.0,986.95,961.0,966.0,968.5,975.73,2285726,2230247412.8,54911,598103,26.17,2019-04-18,4,2019,2230251429.98,-0.4061905496426599,No Change
22-Apr-2019,MINDTREE,EQ,968.5,967.0,979.0,966.0,975.1,976.2,974.8,937745,914111140.35,26393,501640,53.49,2019-04-22,4,2019,914113826.0,0.7950438822922123,Slight Positive
23-Apr-2019,MINDTREE,EQ,976.2,974.9,982.0,966.65,975.6,975.4,976.6,477570,466396098.9,11920,132863,27.82,2019-04-23,4,2019,466394862.0,-0.08195041999591313,No Change
24-Apr-2019,MINDTREE,EQ,975.4,976.0,980.5,975.5,980.0,979.4,978.36,326956,319880525.85,10646,151927,46.47,2019-04-24,4,2019,319880672.16,0.41008816895633515,No Change
25-Apr-2019,MINDTREE,EQ,979.4,978.0,995.0,973.25,981.4,989.4,986.03,617828,609196659.75,9731,306085,49.54,2019-04-25,4,2019,609196942.84,1.0210332856851023,Positive
26-Apr-2019,MINDTREE,EQ,989.4,984.4,985.95,974.0,977.0,975.85,979.84,370028,362567037.15,9127,99533,26.9,2019-04-26,4,2019,362568235.52000004,-1.3695168789165102,Negative
30-Apr-2019,MINDTREE,EQ,975.85,977.7,990.0,977.7,980.0,981.25,983.33,688189,676719235.9,21888,188694,27.42,2019-04-30,4,2019,676716889.37,0.5533637341804454,Slight Positive
02-May-2019,MINDTREE,EQ,981.25,985.0,986.6,977.15,982.0,981.4,981.48,323640,317647553.3,11346,124020,38.32,2019-05-02,5,2019,317646187.2,0.015286624203825205,No Change
03-May-2019,MINDTREE,EQ,981.4,983.0,983.85,966.0,974.75,970.2,970.53,476833,462782545.75,14149,162234,34.02,2019-05-03,5,2019,462780731.49,-1.1412268188302321,Negative
06-May-2019,MINDTREE,EQ,970.2,969.0,983.5,962.4,982.0,981.75,979.23,1604808,1571472153.05,10494,1305298,81.34,2019-05-06,5,2019,1571476137.84,1.1904761904761862,Positive
07-May-2019,MINDTREE,EQ,981.75,982.8,985.0,975.0,981.0,979.95,979.77,1242934,1217783787.4,10864,884988,71.2,2019-05-07,5,2019,1217789445.18,-0.18334606569899714,No Change
08-May-2019,MINDTREE,EQ,979.95,981.0,985.0,971.05,982.0,980.5,979.84,4301316,4214603388.8,13038,3851210,89.54,2019-05-08,5,2019,4214601469.44,0.056125312515931114,No Change
09-May-2019,MINDTREE,EQ,980.5,979.6,983.15,976.1,980.9,980.45,980.02,3787159,3711482425.05,8159,3479880,91.89,2019-05-09,5,2019,3711491563.18,-0.00509943906169541,No Change
10-May-2019,MINDTREE,EQ,980.45,980.4,982.9,973.0,974.0,975.35,977.55,215170,210339592.35,5128,26734,12.42,2019-05-10,5,2019,210339433.5,-0.5201693100107097,Slight Negative
13-May-2019,MINDTREE,EQ,975.35,973.4,983.0,970.3,981.0,979.1,980.16,485941,476299706.8,14005,222691,45.83,2019-05-13,5,2019,476299930.56,0.38447736709898983,No Change
